participant_id,session_label,session_start_utc,random_seed,mapping_version,presentation_index,sequence_index,total_planned_trials,condition_index,repetition,attempt_number,trial_start_utc,trial_start_unity_s,trial_end_unity_s,response_time_s,eye_presentation,angular_diameter_deg,aperture_edge_softness_deg,circular_aperture_enabled,grid_line_spacing_deg,grid_line_spacing_uv,visual_space_l,content_zoom,oomes_endpoint_equivalent,response,valid_for_analysis,fixation_sample_valid,fixation_inside_tolerance,fixation_angle_deg,continuous_fixation_s,fixation_valid_sample_fraction,longest_off_target_s,longest_invalid_gaze_s,status
pilot_ys,checkerboard_pilot,2026-09-04T13:44:29.8423659Z,20260901,visual-space-l-tangent-normalized-cartesian-grid-v2,1,1,105,1,14,1,2026-09-04T13:44:30.1681816Z,5.5624693062363804,6.7549805062362793,1.192511199999899,BothEyes,60,3.23000002,1,10,0.305407286,1.20000005,1,-0.40000009536743164,Convex,1,1,1,1.07792664,1.18117619,1,0,0,valid
pilot_ys,checkerboard_pilot,2026-09-04T13:44:29.8423659Z,20260901,visual-space-l-tangent-normalized-cartesian-grid-v2,2,2,105,7,14,1,2026-09-04T13:44:32.1925170Z,7.5874742062369478,8.1545445062365616,0.56707029999961378,BothEyes,60,3.23000002,1,10,0.305407286,0.200000003,1,1.5999999940395355,Concave,1,1,1,0.931252241,0.555709302,1,0,0,valid
pilot_ys,checkerboard_pilot,2026-09-04T13:44:29.8423659Z,20260901,visual-space-l-tangent-normalized-cartesian-grid-v2,3,3,105,6,11,1,2026-09-04T13:44:33.5929223Z,8.987255606236431,9.6304740062369092,0.64321840000047814,BothEyes,60,3.23000002,1,10,0.305407286,0.400000006,1,1.199999988079071,Concave,1,1,1,1.10659122,0.631827652,1,0,0,valid
pilot_ys,checkerboard_pilot,2026-09-04T13:44:29.8423659Z,20260901,visual-space-l-tangent-normalized-cartesian-grid-v2,4,4,105,3,6,1,2026-09-04T13:44:35.0597259Z,10.45397500623676,11.943116806236503,1.4891417999997429,BothEyes,60,3.23000002,1,10,0.305407286,0.800000012,1,0.39999997615814209,Concave,1,1,1,1.35883534,1.47728062,1,0,0,valid
pilot_ys,checkerboard_pilot,2026-09-04T13:44:29.8423659Z,20260901,visual-space-l-tangent-normalized-cartesian-grid-v2,5,5,105,4,12,1,2026-09-04T13:44:37.3816776Z,12.776242306236782,13.643176806236625,0.86693449999984296,BothEyes,60,3.23000002,1,10,0.305407286,0.600000024,1,0.79999995231628418,Concave,1,1,1,1.22349346,0.855780125,1,0,0,valid
pilot_ys,checkerboard_pilot,2026-09-04T13:44:29.8423659Z,20260901,visual-space-l-tangent-normalized-cartesian-grid-v2,6,6,105,6,7,1,2026-09-04T13:44:39.0817617Z,14.475994706236634,15.398608706236701,0.92261400000006688,BothEyes,60,3.23000002,1,10,0.305407286,0.400000006,1,1.199999988079071,Concave,1,1,1,1.05758429,0.910877347,1,0,0,valid
pilot_ys,checkerboard_pilot,2026-09-04T13:44:29.8423659Z,20260901,visual-space-l-tangent-normalized-cartesian-grid-v2,7,7,105,7,7,1,2026-09-04T13:44:40.8378053Z,16.232586606236509,17.298577506236143,1.0659908999996333,BothEyes,60,3.23000002,1,10,0.305407286,0.200000003,1,1.5999999940395355,Concave,1,1,1,1.01046288,1.05520117,1,0,0,valid
pilot_ys,checkerboard_pilot,2026-09-04T13:44:29.8423659Z,20260901,visual-space-l-tangent-normalized-cartesian-grid-v2,8,8,105,4,3,1,2026-09-04T13:44:42.7273438Z,18.121620206236912,19.599072606236405,1.4774523999994926,BothEyes,60,3.23000002,1,10,0.305407286,0.600000024,1,0.79999995231628418,Concave,1,1,1,0.921323478,1.46694565,1,0,0,valid
pilot_ys,checkerboard_pilot,2026-09-04T13:44:29.8423659Z,20260901,visual-space-l-tangent-normalized-cartesian-grid-v2,9,9,105,3,8,1,2026-09-04T13:44:45.0348038Z,20.429735606236136,22.532570706236584,2.1028351000004477,BothEyes,60,3.23000002,1,10,0.305407286,0.800000012,1,0.39999997615814209,Concave,1,1,1,0.890434086,2.09158444,1,0,0,valid
pilot_ys,checkerboard_pilot,2026-09-04T13:44:29.8423659Z,20260901,visual-space-l-tangent-normalized-cartesian-grid-v2,10,10,105,1,10,1,2026-09-04T13:44:47.9697181Z,23.364272806236841,24.360231706236846,0.99595890000000509,BothEyes,60,3.23000002,1,10,0.305407286,1.20000005,1,-0.40000009536743164,Convex,1,1,1,0.834390819,0.984489322,1,0,0,valid
pilot_ys,checkerboard_pilot,2026-09-04T13:44:29.8423659Z,20260901,visual-space-l-tangent-normalized-cartesian-grid-v2,11,11,105,3,4,1,2026-09-04T13:44:49.7884951Z,25.182971206236289,26.028154806236671,0.84518360000038228,BothEyes,60,3.23000002,1,10,0.305407286,0.800000012,1,0.39999997615814209,Concave,1,1,1,0.915784717,0.833820283,1,0,0,valid
pilot_ys,checkerboard_pilot,2026-09-04T13:44:29.8423659Z,20260901,visual-space-l-tangent-normalized-cartesian-grid-v2,12,12,105,2,14,1,2026-09-04T13:44:51.4482138Z,26.842818006236485,28.454879306236762,1.6120613000002777,BothEyes,60,3.23000002,1,10,0.305407286,1,1,0,Concave,1,1,1,1.0631206,1.60101247,1,0,0,valid
pilot_ys,checkerboard_pilot,2026-09-04T13:44:29.8423659Z,20260901,visual-space-l-tangent-normalized-cartesian-grid-v2,13,13,105,7,2,1,2026-09-04T13:44:53.8929288Z,29.287222806236059,32.299471306236228,3.0122485000001689,BothEyes,60,3.23000002,1,10,0.305407286,0.200000003,1,1.5999999940395355,Concave,1,1,1,1.23352849,3.00060201,1,0,0,valid
pilot_ys,checkerboard_pilot,2026-09-04T13:44:29.8423659Z,20260901,visual-space-l-tangent-normalized-cartesian-grid-v2,14,14,105,5,8,1,2026-09-04T13:44:57.7374567Z,33.13165170623688,33.954590806236411,0.8229390999995303,BothEyes,60,3.23000002,1,10,0.305407286,0.5,1,1,Concave,1,1,1,1.0222075,0.811669588,1,0,0,valid
pilot_ys,checkerboard_pilot,2026-09-04T13:44:29.8423659Z,20260901,visual-space-l-tangent-normalized-cartesian-grid-v2,15,15,105,4,14,1,2026-09-04T13:44:59.3919619Z,34.787076706236803,36.310009606236235,1.5229328999994323,BothEyes,60,3.23000002,1,10,0.305407286,0.600000024,1,0.79999995231628418,None,0,1,0,6.59290838,0,1,0.155727312,0,invalid_fixation:off_target
pilot_ys,checkerboard_pilot,2026-09-04T13:44:29.8423659Z,20260901,visual-space-l-tangent-normalized-cartesian-grid-v2,16,16,105,1,5,1,2026-09-04T13:45:01.7372954Z,37.131929606236554,37.821258506236518,0.68932889999996405,BothEyes,60,3.23000002,1,10,0.305407286,1.20000005,1,-0.40000009536743164,Convex,1,1,1,1.70237875,0.67824775,1,0,0,valid
pilot_ys,checkerboard_pilot,2026-09-04T13:44:29.8423659Z,20260901,visual-space-l-tangent-normalized-cartesian-grid-v2,17,17,105,3,9,1,2026-09-04T13:45:03.2601023Z,38.654828406236447,39.73270200623665,1.0778736000002027,BothEyes,60,3.23000002,1,10,0.305407286,0.800000012,1,0.39999997615814209,Concave,1,1,1,1.19025445,1.06662858,1,0,0,valid
pilot_ys,checkerboard_pilot,2026-09-04T13:44:29.8423659Z,20260901,visual-space-l-tangent-normalized-cartesian-grid-v2,18,18,105,2,1,1,2026-09-04T13:45:05.1716061Z,40.565863506236383,41.321441906236942,0.75557840000055876,BothEyes,60,3.23000002,1,10,0.305407286,1,1,0,Convex,1,1,1,1.2370137,0.744352221,1,0,0,valid
pilot_ys,checkerboard_pilot,2026-09-04T13:44:29.8423659Z,20260901,visual-space-l-tangent-normalized-cartesian-grid-v2,19,19,105,4,9,1,2026-09-04T13:45:06.7590089Z,42.153502406236839,43.044169206236802,0.89066679999996268,BothEyes,60,3.23000002,1,10,0.305407286,0.600000024,1,0.79999995231628418,Concave,1,1,1,1.53007877,0.879209518,1,0,0,valid
pilot_ys,checkerboard_pilot,2026-09-04T13:44:29.8423659Z,20260901,visual-space-l-tangent-normalized-cartesian-grid-v2,20,20,105,2,13,1,2026-09-04T13:45:08.4824988Z,43.87695020623687,44.63231070623624,0.75536049999936949,BothEyes,60,3.23000002,1,10,0.305407286,1,1,0,Convex,1,1,1,1.29995501,0.744398713,1,0,0,valid
pilot_ys,checkerboard_pilot,2026-09-04T13:44:29.8423659Z,20260901,visual-space-l-tangent-normalized-cartesian-grid-v2,21,21,105,5,3,1,2026-09-04T13:45:10.0707128Z,45.465290606236522,46.132989606236151,0.66769899999962945,BothEyes,60,3.23000002,1,10,0.305407286,0.5,1,1,Concave,1,1,1,0.947087169,0.656445086,1,0,0,valid
pilot_ys,checkerboard_pilot,2026-09-04T13:44:29.8423659Z,20260901,visual-space-l-tangent-normalized-cartesian-grid-v2,22,22,105,2,6,1,2026-09-04T13:45:11.5703275Z,46.965472006236268,50.555176706236125,3.5897046999998565,BothEyes,60,3.23000002,1,10,0.305407286,1,1,0,Convex,1,1,1,1.13746035,3.57858014,1,0,0,valid
pilot_ys,checkerboard_pilot,2026-09-04T13:44:29.8423659Z,20260901,visual-space-l-tangent-normalized-cartesian-grid-v2,23,23,105,4,5,1,2026-09-04T13:45:15.9930287Z,51.387625906236281,52.254951406236614,0.8673255000003337,BothEyes,60,3.23000002,1,10,0.305407286,0.600000024,1,0.79999995231628418,Concave,1,1,1,1.53582346,0.856088877,1,0,0,valid
pilot_ys,checkerboard_pilot,2026-09-04T13:44:29.8423659Z,20260901,visual-space-l-tangent-normalized-cartesian-grid-v2,24,24,105,3,14,1,2026-09-04T13:45:17.6932248Z,53.08761800623688,54.788096206236332,1.700478199999452,BothEyes,60,3.23000002,1,10,0.305407286,0.800000012,1,0.39999997615814209,Concave,1,1,1,0.990513206,1.68849349,1,0,0,valid
pilot_ys,checkerboard_pilot,2026-09-04T13:44:29.8423659Z,20260901,visual-space-l-tangent-normalized-cartesian-grid-v2,25,25,105,2,3,1,2026-09-04T13:45:20.2261802Z,55.621036106236716,56.411008106236295,0.78997199999957957,BothEyes,60,3.23000002,1,10,0.305407286,1,1,0,Convex,1,1,1,1.41899705,0.77853179,1,0,0,valid
pilot_ys,checkerboard_pilot,2026-09-04T13:44:29.8423659Z,20260901,visual-space-l-tangent-normalized-cartesian-grid-v2,26,26,105,1,11,1,2026-09-04T13:45:21.8493085Z,57.243871606236098,57.954734306236787,0.71086270000068907,BothEyes,60,3.23000002,1,10,0.305407286,1.20000005,1,-0.40000009536743164,Convex,1,1,1,1.02335548,0.70028013,1,0,0,valid
pilot_ys,checkerboard_pilot,2026-09-04T13:44:29.8423659Z,20260901,visual-space-l-tangent-normalized-cartesian-grid-v2,27,27,105,7,6,1,2026-09-04T13:45:23.3819540Z,58.776177006236139,61.18836280623691,2.4121858000007705,BothEyes,60,3.23000002,1,10,0.305407286,0.200000003,1,1.5999999940395355,Concave,1,1,1,0.929990649,2.4007318,1,0,0,valid
pilot_ys,checkerboard_pilot,2026-09-04T13:44:29.8423659Z,20260901,visual-space-l-tangent-normalized-cartesian-grid-v2,28,28,105,2,10,1,2026-09-04T13:45:26.6155986Z,62.010181006236962,62.688083706236284,0.67790269999932207,BothEyes,60,3.23000002,1,10,0.305407286,1,1,0,Convex,1,1,1,1.49632525,0.666531801,1,0,0,valid
pilot_ys,checkerboard_pilot,2026-09-04T13:44:29.8423659Z,20260901,visual-space-l-tangent-normalized-cartesian-grid-v2,29,29,105,2,4,1,2026-09-04T13:45:28.1265224Z,63.520968606236238,64.165418606236926,0.64445000000068831,BothEyes,60,3.23000002,1,10,0.305407286,1,1,0,Convex,1,1,1,1.73990095,0.633181393,1,0,0,valid
pilot_ys,checkerboard_pilot,2026-09-04T13:44:29.8423659Z,20260901,visual-space-l-tangent-normalized-cartesian-grid-v2,30,30,105,2,5,1,2026-09-04T13:45:29.5932528Z,64.987489406236818,65.809915106236076,0.82242569999925763,BothEyes,60,3.23000002,1,10,0.305407286,1,1,0,Convex,1,1,1,1.51349008,0.811754704,1,0,0,valid
pilot_ys,checkerboard_pilot,2026-09-04T13:44:29.8423659Z,20260901,visual-space-l-tangent-normalized-cartesian-grid-v2,31,31,105,5,10,1,2026-09-04T13:45:31.2476115Z,66.641810606236504,67.185992106236881,0.54418150000037713,BothEyes,60,3.23000002,1,10,0.305407286,0.5,1,1,Concave,1,1,1,1.49606359,0.532739639,1,0,0,valid
pilot_ys,checkerboard_pilot,2026-09-04T13:44:29.8423659Z,20260901,visual-space-l-tangent-normalized-cartesian-grid-v2,32,32,105,1,6,1,2026-09-04T13:45:32.6153410Z,68.009711206236716,68.588448806236556,0.57873759999984031,BothEyes,60,3.23000002,1,10,0.305407286,1.20000005,1,-0.40000009536743164,Convex,1,1,1,1.41858327,0.567344904,1,0,0,valid
pilot_ys,checkerboard_pilot,2026-09-04T13:44:29.8423659Z,20260901,visual-space-l-tangent-normalized-cartesian-grid-v2,33,33,105,6,4,1,2026-09-04T13:45:34.0155588Z,69.410010106236768,70.521419406236419,1.1114092999996501,BothEyes,60,3.23000002,1,10,0.305407286,0.400000006,1,1.199999988079071,Concave,1,1,1,1.6842339,1.10049176,1,0,0,valid
pilot_ys,checkerboard_pilot,2026-09-04T13:44:29.8423659Z,20260901,visual-space-l-tangent-normalized-cartesian-grid-v2,34,34,105,3,1,1,2026-09-04T13:45:35.9600567Z,71.354486106236436,72.64350660623677,1.2890205000003334,BothEyes,60,3.23000002,1,10,0.305407286,0.800000012,1,0.39999997615814209,None,0,1,0,3.81659579,0,1,0.156490713,0,invalid_fixation:off_target
pilot_ys,checkerboard_pilot,2026-09-04T13:44:29.8423659Z,20260901,visual-space-l-tangent-normalized-cartesian-grid-v2,35,35,105,2,12,1,2026-09-04T13:45:38.0820208Z,73.476455006236392,74.241571406236289,0.76511639999989711,BothEyes,60,3.23000002,1,10,0.305407286,1,1,0,Convex,1,1,1,2.09919047,0.753351808,1,0,0,valid
pilot_ys,checkerboard_pilot,2026-09-04T13:44:29.8423659Z,20260901,visual-space-l-tangent-normalized-cartesian-grid-v2,36,36,105,2,8,1,2026-09-04T13:45:39.6710611Z,75.065855206236847,75.810220406236112,0.74436519999926531,BothEyes,60,3.23000002,1,10,0.305407286,1,1,0,Convex,1,1,1,1.44685674,0.7331056,1,0,0,valid
pilot_ys,checkerboard_pilot,2026-09-04T13:44:29.8423659Z,20260901,visual-space-l-tangent-normalized-cartesian-grid-v2,37,37,105,4,4,1,2026-09-04T13:45:41.2485903Z,76.643812406236066,77.543706906236366,0.89989450000030047,BothEyes,60,3.23000002,1,10,0.305407286,0.600000024,1,0.79999995231628418,Concave,1,1,1,1.53352821,0.888564348,1,0,0,valid
pilot_ys,checkerboard_pilot,2026-09-04T13:44:29.8423659Z,20260901,visual-space-l-tangent-normalized-cartesian-grid-v2,38,38,105,1,3,1,2026-09-04T13:45:42.9821908Z,78.376675506236097,78.95513290623694,0.57845740000084334,BothEyes,60,3.23000002,1,10,0.305407286,1.20000005,1,-0.40000009536743164,Convex,1,1,1,1.42409039,0.567198277,1,0,0,valid
pilot_ys,checkerboard_pilot,2026-09-04T13:44:29.8423659Z,20260901,visual-space-l-tangent-normalized-cartesian-grid-v2,39,39,105,7,4,1,2026-09-04T13:45:44.3936739Z,79.788280406236481,80.531762906236509,0.74348250000002736,BothEyes,60,3.23000002,1,10,0.305407286,0.200000003,1,1.5999999940395355,Concave,1,1,1,1.24269557,0.732554138,1,0,0,valid
pilot_ys,checkerboard_pilot,2026-09-04T13:44:29.8423659Z,20260901,visual-space-l-tangent-normalized-cartesian-grid-v2,40,40,105,2,9,1,2026-09-04T13:45:45.9589182Z,81.353270106236778,82.186686506236583,0.83341639999980544,BothEyes,60,3.23000002,1,10,0.305407286,1,1,0,Convex,1,1,1,1.25351381,0.821692884,1,0,0,valid
pilot_ys,checkerboard_pilot,2026-09-04T13:44:29.8423659Z,20260901,visual-space-l-tangent-normalized-cartesian-grid-v2,41,41,105,3,7,1,2026-09-04T13:45:47.6133911Z,83.007964406236169,86.54279810623666,3.5348337000004904,BothEyes,60,3.23000002,1,10,0.305407286,0.800000012,1,0.39999997615814209,Concave,1,1,1,1.11645007,3.52339268,1,0,0,valid
pilot_ys,checkerboard_pilot,2026-09-04T13:44:29.8423659Z,20260901,visual-space-l-tangent-normalized-cartesian-grid-v2,42,42,105,6,6,1,2026-09-04T13:45:51.9689711Z,87.363931906236758,88.185543806236637,0.82161189999987982,BothEyes,60,3.23000002,1,10,0.305407286,0.400000006,1,1.199999988079071,Concave,1,1,1,1.34770083,0.810281634,1,0,0,valid
pilot_ys,checkerboard_pilot,2026-09-04T13:44:29.8423659Z,20260901,visual-space-l-tangent-normalized-cartesian-grid-v2,43,43,105,6,9,1,2026-09-04T13:45:53.6222507Z,89.017179206236506,94.07525030623674,5.0580711000002339,BothEyes,60,3.23000002,1,10,0.305407286,0.400000006,1,1.199999988079071,Concave,1,1,1,1.08606493,5.04693937,1,0,0,valid
pilot_ys,checkerboard_pilot,2026-09-04T13:44:29.8423659Z,20260901,visual-space-l-tangent-normalized-cartesian-grid-v2,44,44,105,6,2,1,2026-09-04T13:45:59.5138639Z,94.908482306236692,96.087543606236068,1.1790612999993755,BothEyes,60,3.23000002,1,10,0.305407286,0.400000006,1,1.199999988079071,Concave,1,1,1,0.900051415,1.16825831,1,0,0,valid
pilot_ys,checkerboard_pilot,2026-09-04T13:44:29.8423659Z,20260901,visual-space-l-tangent-normalized-cartesian-grid-v2,45,45,105,4,13,1,2026-09-04T13:46:01.5146449Z,96.909612106236636,98.610599606236065,1.7009874999994281,BothEyes,60,3.23000002,1,10,0.305407286,0.600000024,1,0.79999995231628418,Concave,1,1,1,1.14380789,1.68986392,1,0,0,valid
pilot_ys,checkerboard_pilot,2026-09-04T13:44:29.8423659Z,20260901,visual-space-l-tangent-normalized-cartesian-grid-v2,46,46,105,5,11,1,2026-09-04T13:46:04.0489499Z,99.443319206236083,100.35441150623683,0.91109230000074604,BothEyes,60,3.23000002,1,10,0.305407286,0.5,1,1,Concave,1,1,1,1.3840909,0.899522483,1,0,0,valid
pilot_ys,checkerboard_pilot,2026-09-04T13:44:29.8423659Z,20260901,visual-space-l-tangent-normalized-cartesian-grid-v2,47,47,105,3,12,1,2026-09-04T13:46:05.7824658Z,101.17680910623676,102.29979790623656,1.1229887999998027,BothEyes,60,3.23000002,1,10,0.305407286,0.800000012,1,0.39999997615814209,Convex,1,1,1,1.25070071,1.11165452,1,0,0,valid
pilot_ys,checkerboard_pilot,2026-09-04T13:44:29.8423659Z,20260901,visual-space-l-tangent-normalized-cartesian-grid-v2,48,48,105,7,3,1,2026-09-04T13:46:07.7375782Z,103.13249620623628,103.77719870623696,0.64470250000067608,BothEyes,60,3.23000002,1,10,0.305407286,0.200000003,1,1.5999999940395355,Concave,1,1,1,1.3107487,0.634052753,1,0,0,valid
pilot_ys,checkerboard_pilot,2026-09-04T13:44:29.8423659Z,20260901,visual-space-l-tangent-normalized-cartesian-grid-v2,49,49,105,7,12,1,2026-09-04T13:46:09.2049830Z,104.59963290623637,105.33311050623615,0.73347759999978734,BothEyes,60,3.23000002,1,10,0.305407286,0.200000003,1,1.5999999940395355,Concave,1,1,1,1.24143517,0.722484291,1,0,0,valid
pilot_ys,checkerboard_pilot,2026-09-04T13:44:29.8423659Z,20260901,visual-space-l-tangent-normalized-cartesian-grid-v2,50,50,105,7,8,1,2026-09-04T13:46:10.7714173Z,106.16606960623631,106.75538190623683,0.58931230000052892,BothEyes,60,3.23000002,1,10,0.305407286,0.200000003,1,1.5999999940395355,Concave,1,1,1,1.29558218,0.577997088,1,0,0,valid
pilot_ys,checkerboard_pilot,2026-09-04T13:44:29.8423659Z,20260901,visual-space-l-tangent-normalized-cartesian-grid-v2,51,51,105,5,12,1,2026-09-04T13:46:12.1923330Z,107.58683790623672,109.86657480623671,2.279736899999989,BothEyes,60,3.23000002,1,10,0.305407286,0.5,1,1,Concave,1,1,1,1.25896573,2.26923299,1,0,0,valid
pilot_ys,checkerboard_pilot,2026-09-04T13:44:29.8423659Z,20260901,visual-space-l-tangent-normalized-cartesian-grid-v2,52,52,105,1,15,1,2026-09-04T13:46:15.3042010Z,110.69876170623684,111.35539340623654,0.65663169999970705,BothEyes,60,3.23000002,1,10,0.305407286,1.20000005,1,-0.40000009536743164,Convex,1,1,1,1.47286212,0.644973874,1,0,0,valid
pilot_ys,checkerboard_pilot,2026-09-04T13:44:29.8423659Z,20260901,visual-space-l-tangent-normalized-cartesian-grid-v2,53,53,105,7,10,1,2026-09-04T13:46:16.7827878Z,112.17719590623619,112.86664130623649,0.68944540000029519,BothEyes,60,3.23000002,1,10,0.305407286,0.200000003,1,1.5999999940395355,Concave,1,1,1,1.37358856,0.678751588,1,0,0,valid
pilot_ys,checkerboard_pilot,2026-09-04T13:44:29.8423659Z,20260901,visual-space-l-tangent-normalized-cartesian-grid-v2,54,54,105,1,1,1,2026-09-04T13:46:18.3046353Z,113.69905180623664,114.33303540623638,0.63398359999973763,BothEyes,60,3.23000002,1,10,0.305407286,1.20000005,1,-0.40000009536743164,Convex,1,1,1,1.44699192,0.622539163,1,0,0,valid
pilot_ys,checkerboard_pilot,2026-09-04T13:44:29.8423659Z,20260901,visual-space-l-tangent-normalized-cartesian-grid-v2,55,55,105,5,15,1,2026-09-04T13:46:19.7714417Z,115.16600800623655,116.03336210623638,0.86735409999982949,BothEyes,60,3.23000002,1,10,0.305407286,0.5,1,1,Concave,1,1,1,1.42106414,0.855717361,1,0,0,valid
pilot_ys,checkerboard_pilot,2026-09-04T13:44:29.8423659Z,20260901,visual-space-l-tangent-normalized-cartesian-grid-v2,56,56,105,3,13,1,2026-09-04T13:46:21.4607900Z,116.85497850623688,117.97667080623614,1.1216922999992676,BothEyes,60,3.23000002,1,10,0.305407286,0.800000012,1,0.39999997615814209,Convex,1,1,1,1.11205947,1.11071515,1,0,0,valid
pilot_ys,checkerboard_pilot,2026-09-04T13:44:29.8423659Z,20260901,visual-space-l-tangent-normalized-cartesian-grid-v2,57,57,105,3,11,1,2026-09-04T13:46:23.4047061Z,118.79935590623609,119.59990750623638,0.80055160000028991,BothEyes,60,3.23000002,1,10,0.305407286,0.800000012,1,0.39999997615814209,Concave,1,1,1,1.51206708,0.789223671,1,0,0,valid
pilot_ys,checkerboard_pilot,2026-09-04T13:44:29.8423659Z,20260901,visual-space-l-tangent-normalized-cartesian-grid-v2,58,58,105,3,5,1,2026-09-04T13:46:25.0375483Z,120.43235490623647,121.18846370623669,0.75610880000022007,BothEyes,60,3.23000002,1,10,0.305407286,0.800000012,1,0.39999997615814209,Concave,1,1,1,1.64698863,0.744758546,1,0,0,valid
pilot_ys,checkerboard_pilot,2026-09-04T13:44:29.8423659Z,20260901,visual-space-l-tangent-normalized-cartesian-grid-v2,59,59,105,1,7,1,2026-09-04T13:46:26.6270176Z,122.02132530623658,122.6559212062366,0.63459590000002208,BothEyes,60,3.23000002,1,10,0.305407286,1.20000005,1,-0.40000009536743164,Convex,1,1,1,1.47100079,0.622468948,1,0,0,valid
pilot_ys,checkerboard_pilot,2026-09-04T13:44:29.8423659Z,20260901,visual-space-l-tangent-normalized-cartesian-grid-v2,60,60,105,6,5,1,2026-09-04T13:46:28.0938766Z,123.48841070623621,124.09807920623643,0.60966850000022532,BothEyes,60,3.23000002,1,10,0.305407286,0.400000006,1,1.199999988079071,Concave,1,1,1,1.36257446,0.598828077,1,0,0,valid
pilot_ys,checkerboard_pilot,2026-09-04T13:44:29.8423659Z,20260901,visual-space-l-tangent-normalized-cartesian-grid-v2,61,61,105,4,8,1,2026-09-04T13:46:29.5160427Z,124.9106326062365,125.51062460623689,0.599992000000384,BothEyes,60,3.23000002,1,10,0.305407286,0.600000024,1,0.79999995231628418,Concave,1,1,1,1.2609849,0.589018047,1,0,0,valid
pilot_ys,checkerboard_pilot,2026-09-04T13:44:29.8423659Z,20260901,visual-space-l-tangent-normalized-cartesian-grid-v2,62,62,105,7,5,1,2026-09-04T13:46:30.9495140Z,126.34415650623669,127.05552410623659,0.71136759999990318,BothEyes,60,3.23000002,1,10,0.305407286,0.200000003,1,1.5999999940395355,Concave,1,1,1,1.33881426,0.700425446,1,0,0,valid
pilot_ys,checkerboard_pilot,2026-09-04T13:44:29.8423659Z,20260901,visual-space-l-tangent-normalized-cartesian-grid-v2,63,63,105,4,2,1,2026-09-04T13:46:32.4941597Z,127.88844120623617,128.56646330623607,0.67802209999990737,BothEyes,60,3.23000002,1,10,0.305407286,0.600000024,1,0.79999995231628418,Concave,1,1,1,1.50532222,0.667183399,1,0,0,valid
pilot_ys,checkerboard_pilot,2026-09-04T13:44:29.8423659Z,20260901,visual-space-l-tangent-normalized-cartesian-grid-v2,64,64,105,5,4,1,2026-09-04T13:46:34.0050623Z,129.39924120623618,130.03357220623639,0.63433100000020204,BothEyes,60,3.23000002,1,10,0.305407286,0.5,1,1,Concave,1,1,1,1.79154944,0.623047829,1,0,0,valid
pilot_ys,checkerboard_pilot,2026-09-04T13:44:29.8423659Z,20260901,visual-space-l-tangent-normalized-cartesian-grid-v2,65,65,105,1,4,1,2026-09-04T13:46:35.4710840Z,130.86585120623658,131.4999484062364,0.63409719999981462,BothEyes,60,3.23000002,1,10,0.305407286,1.20000005,1,-0.40000009536743164,Convex,1,1,1,1.53989542,0.623042047,1,0,0,valid
pilot_ys,checkerboard_pilot,2026-09-04T13:44:29.8423659Z,20260901,visual-space-l-tangent-normalized-cartesian-grid-v2,66,66,105,5,1,1,2026-09-04T13:46:36.9383418Z,132.3326973062367,133.09986600623688,0.76716870000018389,BothEyes,60,3.23000002,1,10,0.305407286,0.5,1,1,Concave,1,1,1,1.56272817,0.755762041,1,0,0,valid
pilot_ys,checkerboard_pilot,2026-09-04T13:44:29.8423659Z,20260901,visual-space-l-tangent-normalized-cartesian-grid-v2,67,67,105,5,9,1,2026-09-04T13:46:38.5379896Z,133.93261900623656,134.58838100623689,0.65576200000032259,BothEyes,60,3.23000002,1,10,0.305407286,0.5,1,1,Concave,1,1,1,1.32810128,0.643951356,1,0,0,valid
pilot_ys,checkerboard_pilot,2026-09-04T13:44:29.8423659Z,20260901,visual-space-l-tangent-normalized-cartesian-grid-v2,68,68,105,7,15,1,2026-09-04T13:46:40.0262766Z,135.42106290623633,135.95574120623678,0.53467830000045069,BothEyes,60,3.23000002,1,10,0.305407286,0.200000003,1,1.5999999940395355,Concave,1,1,1,1.45090866,0.52255702,1,0,0,valid
pilot_ys,checkerboard_pilot,2026-09-04T13:44:29.8423659Z,20260901,visual-space-l-tangent-normalized-cartesian-grid-v2,69,69,105,2,7,1,2026-09-04T13:46:41.3943030Z,136.78855840623692,137.46694880623636,0.67839039999944362,BothEyes,60,3.23000002,1,10,0.305407286,1,1,0,Convex,1,1,1,1.448614,0.667223155,1,0,0,valid
pilot_ys,checkerboard_pilot,2026-09-04T13:44:29.8423659Z,20260901,visual-space-l-tangent-normalized-cartesian-grid-v2,70,70,105,6,1,1,2026-09-04T13:46:42.9053244Z,138.2996518062364,139.0668211062366,0.76716930000020511,BothEyes,60,3.23000002,1,10,0.305407286,0.400000006,1,1.199999988079071,Concave,1,1,1,1.50688136,0.756011128,1,0,0,valid
pilot_ys,checkerboard_pilot,2026-09-04T13:44:29.8423659Z,20260901,visual-space-l-tangent-normalized-cartesian-grid-v2,71,71,105,1,12,1,2026-09-04T13:46:44.5047771Z,139.89918560623664,140.53304280623615,0.63385719999951107,BothEyes,60,3.23000002,1,10,0.305407286,1.20000005,1,-0.40000009536743164,Convex,1,1,1,1.39367187,0.622754753,1,0,0,valid
pilot_ys,checkerboard_pilot,2026-09-04T13:44:29.8423659Z,20260901,visual-space-l-tangent-normalized-cartesian-grid-v2,72,72,105,7,9,1,2026-09-04T13:46:45.9608643Z,141.35517080623686,142.0335640062367,0.67839319999984582,BothEyes,60,3.23000002,1,10,0.305407286,0.200000003,1,1.5999999940395355,Concave,1,1,1,1.67269111,0.667174697,1,0,0,valid
pilot_ys,checkerboard_pilot,2026-09-04T13:44:29.8423659Z,20260901,visual-space-l-tangent-normalized-cartesian-grid-v2,73,73,105,1,13,1,2026-09-04T13:46:47.4605920Z,142.85518400623641,143.63365650623655,0.77847250000013446,BothEyes,60,3.23000002,1,10,0.305407286,1.20000005,1,-0.40000009536743164,Convex,1,1,1,1.52931118,0.767326117,1,0,0,valid
pilot_ys,checkerboard_pilot,2026-09-04T13:44:29.8423659Z,20260901,visual-space-l-tangent-normalized-cartesian-grid-v2,74,74,105,5,14,1,2026-09-04T13:46:49.0716177Z,144.46605120623644,145.00018250623634,0.53413129999989906,BothEyes,60,3.23000002,1,10,0.305407286,0.5,1,1,Concave,1,1,1,1.64163291,0.522787571,1,0,0,valid
pilot_ys,checkerboard_pilot,2026-09-04T13:44:29.8423659Z,20260901,visual-space-l-tangent-normalized-cartesian-grid-v2,75,75,105,6,8,1,2026-09-04T13:46:50.4384536Z,145.83309240623657,146.58890530623648,0.75581289999990986,BothEyes,60,3.23000002,1,10,0.305407286,0.400000006,1,1.199999988079071,Concave,1,1,1,2.04401779,0.744241297,1,0,0,valid
pilot_ys,checkerboard_pilot,2026-09-04T13:44:29.8423659Z,20260901,visual-space-l-tangent-normalized-cartesian-grid-v2,76,76,105,1,2,1,2026-09-04T13:46:52.0269189Z,147.42162810623631,148.04493840623672,0.6233103000004121,BothEyes,60,3.23000002,1,10,0.305407286,1.20000005,1,-0.40000009536743164,Convex,1,1,1,1.59936583,0.611752927,1,0,0,valid
pilot_ys,checkerboard_pilot,2026-09-04T13:44:29.8423659Z,20260901,visual-space-l-tangent-normalized-cartesian-grid-v2,77,77,105,6,10,1,2026-09-04T13:46:53.4826660Z,148.87723540623665,149.41161800623649,0.53438259999984439,BothEyes,60,3.23000002,1,10,0.305407286,0.400000006,1,1.199999988079071,Concave,1,1,1,1.45346892,0.523357391,1,0,0,valid
pilot_ys,checkerboard_pilot,2026-09-04T13:44:29.8423659Z,20260901,visual-space-l-tangent-normalized-cartesian-grid-v2,78,78,105,2,2,1,2026-09-04T13:46:54.8501617Z,150.24455710623624,150.91103320623643,0.66647610000018176,BothEyes,60,3.23000002,1,10,0.305407286,1,1,0,Convex,1,1,1,1.60291028,0.655456364,1,0,0,valid
pilot_ys,checkerboard_pilot,2026-09-04T13:44:29.8423659Z,20260901,visual-space-l-tangent-normalized-cartesian-grid-v2,79,79,105,7,1,1,2026-09-04T13:46:56.3491608Z,151.74403850623639,152.26714970623652,0.52311120000013034,BothEyes,60,3.23000002,1,10,0.305407286,0.200000003,1,1.5999999940395355,Concave,1,1,1,1.65493047,0.511900783,1,0,0,valid
pilot_ys,checkerboard_pilot,2026-09-04T13:44:29.8423659Z,20260901,visual-space-l-tangent-normalized-cartesian-grid-v2,80,80,105,5,7,1,2026-09-04T13:46:57.7043479Z,153.09954210623619,153.92196250623692,0.82242040000073757,BothEyes,60,3.23000002,1,10,0.305407286,0.5,1,1,Concave,1,1,1,1.55053365,0.811176002,1,0,0,valid
pilot_ys,checkerboard_pilot,2026-09-04T13:44:29.8423659Z,20260901,visual-space-l-tangent-normalized-cartesian-grid-v2,81,81,105,5,2,1,2026-09-04T13:46:59.3607851Z,154.7554198062362,155.41163940623665,0.65621960000044055,BothEyes,60,3.23000002,1,10,0.305407286,0.5,1,1,Concave,1,1,1,1.4538728,0.645110667,1,0,0,valid
pilot_ys,checkerboard_pilot,2026-09-04T13:44:29.8423659Z,20260901,visual-space-l-tangent-normalized-cartesian-grid-v2,82,82,105,7,13,1,2026-09-04T13:47:00.8490302Z,156.24370410623669,156.90028110623643,0.65657699999974284,BothEyes,60,3.23000002,1,10,0.305407286,0.200000003,1,1.5999999940395355,Concave,1,1,1,1.47139978,0.645071089,1,0,0,valid
pilot_ys,checkerboard_pilot,2026-09-04T13:44:29.8423659Z,20260901,visual-space-l-tangent-normalized-cartesian-grid-v2,83,83,105,5,5,1,2026-09-04T13:47:02.3391918Z,157.73354180623664,158.62210500623678,0.88856320000013511,BothEyes,60,3.23000002,1,10,0.305407286,0.5,1,1,Concave,1,1,1,1.61797833,0.877870917,1,0,0,valid
pilot_ys,checkerboard_pilot,2026-09-04T13:44:29.8423659Z,20260901,visual-space-l-tangent-normalized-cartesian-grid-v2,84,84,105,6,14,1,2026-09-04T13:47:04.0499900Z,159.44439350623634,160.70053240623656,1.2561389000002237,BothEyes,60,3.23000002,1,10,0.305407286,0.400000006,1,1.199999988079071,Concave,1,1,1,1.59397304,1.24487591,1,0,0,valid
pilot_ys,checkerboard_pilot,2026-09-04T13:44:29.8423659Z,20260901,visual-space-l-tangent-normalized-cartesian-grid-v2,85,85,105,4,10,1,2026-09-04T13:47:06.1384965Z,161.53317670623619,162.17779970623633,0.64462300000013784,BothEyes,60,3.23000002,1,10,0.305407286,0.600000024,1,0.79999995231628418,Concave,1,1,1,1.57271433,0.633227587,1,0,0,valid
pilot_ys,checkerboard_pilot,2026-09-04T13:44:29.8423659Z,20260901,visual-space-l-tangent-normalized-cartesian-grid-v2,86,86,105,6,13,1,2026-09-04T13:47:07.6056688Z,162.99987200623673,163.69957650623655,0.6997044999998252,BothEyes,60,3.23000002,1,10,0.305407286,0.400000006,1,1.199999988079071,Concave,1,1,1,1.54268873,0.688324034,1,0,0,valid
pilot_ys,checkerboard_pilot,2026-09-04T13:44:29.8423659Z,20260901,visual-space-l-tangent-normalized-cartesian-grid-v2,87,87,105,7,11,1,2026-09-04T13:47:09.1385202Z,164.53313860623621,165.26690250623687,0.73376390000066749,BothEyes,60,3.23000002,1,10,0.305407286,0.200000003,1,1.5999999940395355,Concave,1,1,1,1.72850335,0.722545981,1,0,0,valid
pilot_ys,checkerboard_pilot,2026-09-04T13:44:29.8423659Z,20260901,visual-space-l-tangent-normalized-cartesian-grid-v2,88,88,105,6,12,1,2026-09-04T13:47:10.7045739Z,166.09909530623645,167.07798680623637,0.97889149999991787,BothEyes,60,3.23000002,1,10,0.305407286,0.400000006,1,1.199999988079071,Concave,1,1,1,1.64686978,0.967283845,1,0,0,valid
pilot_ys,checkerboard_pilot,2026-09-04T13:44:29.8423659Z,20260901,visual-space-l-tangent-normalized-cartesian-grid-v2,89,89,105,3,3,1,2026-09-04T13:47:12.5162042Z,167.91062520623655,171.7337277062361,3.8231024999995498,BothEyes,60,3.23000002,1,10,0.305407286,0.800000012,1,0.39999997615814209,Concave,1,1,1,1.2848134,3.81178617,1,0,0,valid
pilot_ys,checkerboard_pilot,2026-09-04T13:44:29.8423659Z,20260901,visual-space-l-tangent-normalized-cartesian-grid-v2,90,90,105,1,8,1,2026-09-04T13:47:17.1716697Z,172.56610420623656,173.18945520623674,0.62335100000018429,BothEyes,60,3.23000002,1,10,0.305407286,1.20000005,1,-0.40000009536743164,Convex,1,1,1,1.70122886,0.612230241,1,0,0,valid
pilot_ys,checkerboard_pilot,2026-09-04T13:44:29.8423659Z,20260901,visual-space-l-tangent-normalized-cartesian-grid-v2,91,91,105,4,15,1,2026-09-04T13:47:18.7608938Z,174.15523800623669,175.00036330623607,0.84512529999938124,BothEyes,60,3.23000002,1,10,0.305407286,0.600000024,1,0.79999995231628418,Concave,1,1,1,1.53735173,0.833679557,1,0,0,valid
pilot_ys,checkerboard_pilot,2026-09-04T13:44:29.8423659Z,20260901,visual-space-l-tangent-normalized-cartesian-grid-v2,92,92,105,6,15,1,2026-09-04T13:47:20.4380371Z,175.83276720623689,176.53387520623619,0.70110799999929441,BothEyes,60,3.23000002,1,10,0.305407286,0.400000006,1,1.199999988079071,Concave,1,1,1,1.796785,0.683529913,1,0,0,valid
pilot_ys,checkerboard_pilot,2026-09-04T13:44:29.8423659Z,20260901,visual-space-l-tangent-normalized-cartesian-grid-v2,93,93,105,3,15,1,2026-09-04T13:47:21.9720429Z,177.36640640623682,178.58878080623617,1.222374399999353,BothEyes,60,3.23000002,1,10,0.305407286,0.800000012,1,0.39999997615814209,Convex,1,1,1,1.37330353,1.21122289,1,0,0,valid
pilot_ys,checkerboard_pilot,2026-09-04T13:44:29.8423659Z,20260901,visual-space-l-tangent-normalized-cartesian-grid-v2,94,94,105,4,7,1,2026-09-04T13:47:24.0269455Z,179.42159510623696,180.14457150623639,0.72297639999942476,BothEyes,60,3.23000002,1,10,0.305407286,0.600000024,1,0.79999995231628418,Concave,1,1,1,1.9514395,0.711378694,1,0,0,valid
pilot_ys,checkerboard_pilot,2026-09-04T13:44:29.8423659Z,20260901,visual-space-l-tangent-normalized-cartesian-grid-v2,95,95,105,4,11,1,2026-09-04T13:47:25.5806542Z,180.97520180623633,182.03387360623674,1.0586718000004112,BothEyes,60,3.23000002,1,10,0.305407286,0.600000024,1,0.79999995231628418,Concave,1,1,1,1.96901143,1.04726994,1,0,0,valid
pilot_ys,checkerboard_pilot,2026-09-04T13:44:29.8423659Z,20260901,visual-space-l-tangent-normalized-cartesian-grid-v2,96,96,105,5,13,1,2026-09-04T13:47:27.4712343Z,182.86626070623606,183.81104110623619,0.94478040000012697,BothEyes,60,3.23000002,1,10,0.305407286,0.5,1,1,Concave,1,1,1,2.01761198,0.933058202,1,0,0,valid
pilot_ys,checkerboard_pilot,2026-09-04T13:44:29.8423659Z,20260901,visual-space-l-tangent-normalized-cartesian-grid-v2,97,97,105,6,3,1,2026-09-04T13:47:29.2504038Z,184.64469530623683,185.43370940623663,0.78901409999980388,BothEyes,60,3.23000002,1,10,0.305407286,0.400000006,1,1.199999988079071,Concave,1,1,1,1.51025414,0.778171062,1,0,0,valid
pilot_ys,checkerboard_pilot,2026-09-04T13:44:29.8423659Z,20260901,visual-space-l-tangent-normalized-cartesian-grid-v2,98,98,105,4,1,1,2026-09-04T13:47:30.8709429Z,186.26580320623634,187.01158610623679,0.74578290000044944,BothEyes,60,3.23000002,1,10,0.305407286,0.600000024,1,0.79999995231628418,Concave,1,1,1,1.49802446,0.73461175,1,0,0,valid
pilot_ys,checkerboard_pilot,2026-09-04T13:44:29.8423659Z,20260901,visual-space-l-tangent-normalized-cartesian-grid-v2,99,99,105,2,15,1,2026-09-04T13:47:32.4493929Z,187.84382260623624,188.51154700623647,0.6677244000002247,BothEyes,60,3.23000002,1,10,0.305407286,1,1,0,Convex,1,1,1,1.67783105,0.655976653,1,0,0,valid
pilot_ys,checkerboard_pilot,2026-09-04T13:44:29.8423659Z,20260901,visual-space-l-tangent-normalized-cartesian-grid-v2,100,100,105,4,6,1,2026-09-04T13:47:33.9383689Z,189.33339730623629,190.00023750623677,0.66684020000047894,BothEyes,60,3.23000002,1,10,0.305407286,0.600000024,1,0.79999995231628418,Concave,1,1,1,1.83536386,0.655407012,1,0,0,valid
pilot_ys,checkerboard_pilot,2026-09-04T13:44:29.8423659Z,20260901,visual-space-l-tangent-normalized-cartesian-grid-v2,101,101,105,1,9,1,2026-09-04T13:47:35.4391772Z,190.83335800623627,191.48717430623674,0.65381630000047153,BothEyes,60,3.23000002,1,10,0.305407286,1.20000005,1,-0.40000009536743164,Convex,1,1,1,1.58547902,0.642748415,1,0,0,valid
pilot_ys,checkerboard_pilot,2026-09-04T13:44:29.8423659Z,20260901,visual-space-l-tangent-normalized-cartesian-grid-v2,102,102,105,5,6,1,2026-09-04T13:47:36.9158528Z,192.31089260623685,192.95585130623658,0.64495869999973365,BothEyes,60,3.23000002,1,10,0.305407286,0.5,1,1,Concave,1,1,1,1.79787397,0.633629382,1,0,0,valid
pilot_ys,checkerboard_pilot,2026-09-04T13:44:29.8423659Z,20260901,visual-space-l-tangent-normalized-cartesian-grid-v2,103,103,105,2,11,1,2026-09-04T13:47:38.3941581Z,193.7884380062369,194.56706450623642,0.77862649999951827,BothEyes,60,3.23000002,1,10,0.305407286,1,1,0,Convex,1,1,1,1.93502331,0.767631531,1,0,0,valid
pilot_ys,checkerboard_pilot,2026-09-04T13:44:29.8423659Z,20260901,visual-space-l-tangent-normalized-cartesian-grid-v2,104,104,105,3,10,1,2026-09-04T13:47:40.0062231Z,195.40054410623634,195.95565860623628,0.55511449999994511,BothEyes,60,3.23000002,1,10,0.305407286,0.800000012,1,0.39999997615814209,Concave,1,1,1,1.54344964,0.544096589,1,0,0,valid
pilot_ys,checkerboard_pilot,2026-09-04T13:44:29.8423659Z,20260901,visual-space-l-tangent-normalized-cartesian-grid-v2,105,105,105,3,2,1,2026-09-04T13:47:41.3921804Z,196.78662390623685,197.52222500623611,0.73560109999925771,BothEyes,60,3.23000002,1,10,0.305407286,0.800000012,1,0.39999997615814209,Concave,1,1,1,1.76347423,0.723533094,1,0,0,valid
pilot_ys,checkerboard_pilot,2026-09-04T13:44:29.8423659Z,20260901,visual-space-l-tangent-normalized-cartesian-grid-v2,106,15,105,4,14,2,2026-09-04T13:47:42.9609880Z,198.35541990623642,198.9674141062369,0.61199420000048121,BothEyes,60,3.23000002,1,10,0.305407286,0.600000024,1,0.79999995231628418,Concave,1,1,1,1.38310087,0.600770712,1,0,0,valid
pilot_ys,checkerboard_pilot,2026-09-04T13:44:29.8423659Z,20260901,visual-space-l-tangent-normalized-cartesian-grid-v2,107,34,105,3,1,2,2026-09-04T13:47:44.4055074Z,199.79969090623672,200.44492100623665,0.64523009999993519,BothEyes,60,3.23000002,1,10,0.305407286,0.800000012,1,0.39999997615814209,Concave,1,1,1,1.57731164,0.633506656,1,0,0,valid
