participant_id,session_label,session_start_utc,random_seed,mapping_version,presentation_index,sequence_index,total_planned_trials,condition_index,repetition,attempt_number,trial_start_utc,trial_start_unity_s,stimulus_end_unity_s,response_window_start_unity_s,trial_end_unity_s,stimulus_duration_s,noise_mask_duration_s,response_time_s,eye_presentation,angular_diameter_deg,aperture_edge_softness_deg,circular_aperture_enabled,grid_line_spacing_deg,grid_line_spacing_uv,visual_space_l,content_zoom,oomes_endpoint_equivalent,response,valid_for_analysis,fixation_sample_valid,fixation_inside_tolerance,fixation_angle_deg,continuous_fixation_s,fixation_valid_sample_fraction,longest_off_target_s,longest_invalid_gaze_s,status
pilot_td,checkerboard_pilot,2026-09-18T16:32:40.4209680Z,20260901,visual-space-l-tangent-normalized-cartesian-grid-v2,1,1,105,1,14,1,2026-09-18T16:32:42.8727366Z,47.58552010385489,48.195677403854859,48.196172603854791,48.987580703854803,0.61015729999996893,0.79140810000001238,0.79140810000001238,BothEyes,70,3,1,8,0.200713113,1.20000005,1,-0.40000009536743164,Convex,1,1,1,1.93350577,1.39135432,1,0,0,valid
pilot_td,checkerboard_pilot,2026-09-18T16:32:40.4209680Z,20260901,visual-space-l-tangent-normalized-cartesian-grid-v2,2,2,105,7,14,1,2026-09-18T16:32:45.0952983Z,49.808663303854871,50.409362703854811,50.409368403854899,51.384947303854858,0.60069939999993949,0.9755788999999595,0.9755788999999595,BothEyes,70,3,1,8,0.200713113,0.200000003,1,1.5999999940395355,Concave,1,1,1,2.05652261,1.56800175,1,0,0,valid
pilot_td,checkerboard_pilot,2026-09-18T16:32:40.4209680Z,20260901,visual-space-l-tangent-normalized-cartesian-grid-v2,3,3,105,6,11,1,2026-09-18T16:32:47.4927674Z,52.205915803854793,52.817073403854863,52.81708030385488,53.928979003854863,0.61115760000006958,1.1118986999999834,1.1118986999999834,BothEyes,70,3,1,8,0.200713113,0.400000006,1,1.199999988079071,Concave,1,1,1,1.78914464,1.71176589,1,0,0,valid
pilot_td,checkerboard_pilot,2026-09-18T16:32:40.4209680Z,20260901,visual-space-l-tangent-normalized-cartesian-grid-v2,4,4,105,3,6,1,2026-09-18T16:32:50.0511654Z,54.76450630385483,55.375709003854865,55.37571720385489,56.517650703854827,0.61120270000003529,1.1419334999999364,1.1419334999999364,BothEyes,70,3,1,8,0.200713113,0.800000012,1,0.39999997615814209,Concave,1,1,1,1.86634493,1.73066688,1,0,0,valid
pilot_td,checkerboard_pilot,2026-09-18T16:32:40.4209680Z,20260901,visual-space-l-tangent-normalized-cartesian-grid-v2,5,5,105,4,12,1,2026-09-18T16:32:52.6279514Z,57.340805403854858,57.950800403854885,57.950806503854835,58.906275503854829,0.60999500000002627,0.95546899999999368,0.95546899999999368,BothEyes,70,3,1,8,0.200713113,0.600000024,1,0.79999995231628418,Concave,1,1,1,2.00827837,1.55515385,1,0,0,valid
pilot_td,checkerboard_pilot,2026-09-18T16:32:40.4209680Z,20260901,visual-space-l-tangent-normalized-cartesian-grid-v2,6,6,105,6,7,1,2026-09-18T16:32:55.0298643Z,59.742589403854879,60.353339303854852,60.35334830385483,61.362859403854884,0.61074989999997342,1.0095111000000543,1.0095111000000543,BothEyes,70,3,1,8,0.200713113,0.400000006,1,1.199999988079071,Concave,1,1,1,2.47922945,1.5980674,1,0,0,valid
pilot_td,checkerboard_pilot,2026-09-18T16:32:40.4209680Z,20260901,visual-space-l-tangent-normalized-cartesian-grid-v2,7,7,105,7,7,1,2026-09-18T16:32:57.4715599Z,62.184349703854821,62.79502460385487,62.795033103854792,63.663940703854848,0.61067490000004909,0.86890760000005685,0.86890760000005685,BothEyes,70,3,1,8,0.200713113,0.200000003,1,1.5999999940395355,Concave,1,1,1,2.17447901,1.46786416,1,0,0,valid
pilot_td,checkerboard_pilot,2026-09-18T16:32:40.4209680Z,20260901,visual-space-l-tangent-normalized-cartesian-grid-v2,8,8,105,4,3,1,2026-09-18T16:32:59.7818077Z,64.495159403854871,65.106377003854902,65.106382603854797,66.006378103854843,0.61121760000003178,0.89999550000004547,0.89999550000004547,BothEyes,70,3,1,8,0.200713113,0.600000024,1,0.79999995231628418,Convex,1,1,1,1.93107486,1.50046647,1,0,0,valid
pilot_td,checkerboard_pilot,2026-09-18T16:32:40.4209680Z,20260901,visual-space-l-tangent-normalized-cartesian-grid-v2,9,9,105,3,8,1,2026-09-18T16:33:02.1260896Z,66.839405103854858,67.439707803854901,67.439713503854875,68.650719803854884,0.60030270000004293,1.2110063000000082,1.2110063000000082,BothEyes,70,3,1,8,0.200713113,0.800000012,1,0.39999997615814209,Convex,1,1,1,2.16636324,1.80019546,1,0,0,valid
pilot_td,checkerboard_pilot,2026-09-18T16:32:40.4209680Z,20260901,visual-space-l-tangent-normalized-cartesian-grid-v2,10,10,105,1,10,1,2026-09-18T16:33:04.7593699Z,69.472515503854822,70.073117503854803,70.073123803854799,71.131897003854817,0.60060199999998076,1.0587732000000187,1.0587732000000187,BothEyes,70,3,1,8,0.200713113,1.20000005,1,-0.40000009536743164,Convex,1,1,1,2.13056254,1.64820766,1,0,0,valid
pilot_td,checkerboard_pilot,2026-09-18T16:32:40.4209680Z,20260901,visual-space-l-tangent-normalized-cartesian-grid-v2,11,11,105,3,4,1,2026-09-18T16:33:07.2483830Z,71.962119103854832,72.573125403854817,72.573131103854791,72.751152203854815,0.61100629999998546,0.17802110000002358,0.17802110000002358,BothEyes,70,3,1,8,0.200713113,0.800000012,1,0.39999997615814209,Concave,1,1,1,2.36802459,0.778247893,1,0,0,valid
pilot_td,checkerboard_pilot,2026-09-18T16:32:40.4209680Z,20260901,visual-space-l-tangent-normalized-cartesian-grid-v2,12,12,105,2,14,1,2026-09-18T16:33:08.8711978Z,73.583980903854865,74.184473603854883,74.184479903854879,74.928896503854901,0.60049270000001798,0.7444166000000223,0.7444166000000223,BothEyes,70,3,1,8,0.200713113,1,1,0,Convex,1,1,1,2.40558243,1.33049297,1,0,0,valid
pilot_td,checkerboard_pilot,2026-09-18T16:32:40.4209680Z,20260901,visual-space-l-tangent-normalized-cartesian-grid-v2,13,13,105,7,2,1,2026-09-18T16:33:11.0380279Z,75.750871203854842,76.361329003854792,76.361334403854869,77.262755803854873,0.6104577999999492,0.90142140000000381,0.90142140000000381,BothEyes,70,3,1,8,0.200713113,0.200000003,1,1.5999999940395355,Concave,1,1,1,2.20415854,1.50083148,1,0,0,valid
pilot_td,checkerboard_pilot,2026-09-18T16:32:40.4209680Z,20260901,visual-space-l-tangent-normalized-cartesian-grid-v2,14,14,105,5,8,1,2026-09-18T16:33:13.3712079Z,78.084356903854825,78.695058903854886,78.695065303854847,79.728853303854805,0.61070200000006025,1.0337879999999586,1.0337879999999586,BothEyes,70,3,1,8,0.200713113,0.5,1,1,Concave,1,1,1,2.15513158,1.63340926,1,0,0,valid
pilot_td,checkerboard_pilot,2026-09-18T16:32:40.4209680Z,20260901,visual-space-l-tangent-normalized-cartesian-grid-v2,15,15,105,4,14,1,2026-09-18T16:33:15.8382816Z,80.551239503854902,81.161632803854843,81.161640103854836,82.165367603854804,0.61039329999994152,1.0037274999999681,1.0037274999999681,BothEyes,70,3,1,8,0.200713113,0.600000024,1,0.79999995231628418,Concave,1,1,1,1.97298324,1.60282922,1,0,0,valid
pilot_td,checkerboard_pilot,2026-09-18T16:32:40.4209680Z,20260901,visual-space-l-tangent-normalized-cartesian-grid-v2,16,16,105,1,5,1,2026-09-18T16:33:18.2830659Z,82.995831803854855,83.598609903854879,83.598618203854869,84.220943703854857,0.60277810000002319,0.6223254999999881,0.6223254999999881,BothEyes,70,3,1,8,0.200713113,1.20000005,1,-0.40000009536743164,Convex,1,1,1,2.37380338,1.21434665,1,0,0,valid
pilot_td,checkerboard_pilot,2026-09-18T16:32:40.4209680Z,20260901,visual-space-l-tangent-normalized-cartesian-grid-v2,17,17,105,3,9,1,2026-09-18T16:33:20.3273100Z,85.040246203854792,85.651295603854862,85.6513024038548,86.629010403854807,0.61104940000006991,0.9777080000000069,0.9777080000000069,BothEyes,70,3,1,8,0.200713113,0.800000012,1,0.39999997615814209,Concave,1,1,1,1.80894279,1.57747483,1,0,0,valid
pilot_td,checkerboard_pilot,2026-09-18T16:32:40.4209680Z,20260901,visual-space-l-tangent-normalized-cartesian-grid-v2,18,18,105,2,1,1,2026-09-18T16:33:22.7514344Z,87.464668403854887,88.076204303854809,88.07621110385486,88.962466103854865,0.61153589999992164,0.88625500000000557,0.88625500000000557,BothEyes,70,3,1,8,0.200713113,1,1,0,Convex,1,1,1,2.14018607,1.4783814,1,0,0,valid
pilot_td,checkerboard_pilot,2026-09-18T16:32:40.4209680Z,20260901,visual-space-l-tangent-normalized-cartesian-grid-v2,19,19,105,4,9,1,2026-09-18T16:33:25.0851521Z,89.798453103854797,90.409424203854826,90.409431503854819,91.35487130385485,0.61097110000002885,0.94543980000003103,0.94543980000003103,BothEyes,70,3,1,8,0.200713113,0.600000024,1,0.79999995231628418,Convex,1,1,1,2.09564495,1.53444111,1,0,0,valid
pilot_td,checkerboard_pilot,2026-09-18T16:32:40.4209680Z,20260901,visual-space-l-tangent-normalized-cartesian-grid-v2,20,20,105,2,13,1,2026-09-18T16:33:27.4703489Z,92.183533703854835,92.786817403854855,92.786823403854839,93.662914403854813,0.60328370000001996,0.87609099999997397,0.87609099999997397,BothEyes,70,3,1,8,0.200713113,1,1,0,Convex,1,1,1,2.29123473,1.46740425,1,0,0,valid
pilot_td,checkerboard_pilot,2026-09-18T16:32:40.4209680Z,20260901,visual-space-l-tangent-normalized-cartesian-grid-v2,21,21,105,5,3,1,2026-09-18T16:33:29.7962038Z,94.509176003854861,95.131402703854803,95.131408803854868,96.095624303854891,0.62222669999994196,0.96421550000002298,0.96421550000002298,BothEyes,70,3,1,8,0.200713113,0.5,1,1,Concave,1,1,1,2.23580909,1.57853949,1,0,0,valid
pilot_td,checkerboard_pilot,2026-09-18T16:32:40.4209680Z,20260901,visual-space-l-tangent-normalized-cartesian-grid-v2,22,22,105,2,6,1,2026-09-18T16:33:32.2045822Z,96.918150103854884,97.528462203854872,97.528469803854875,98.262985903854826,0.61031209999998737,0.73451609999995071,0.73451609999995071,BothEyes,70,3,1,8,0.200713113,1,1,0,Convex,1,1,1,2.31629729,1.33427501,1,0,0,valid
pilot_td,checkerboard_pilot,2026-09-18T16:32:40.4209680Z,20260901,visual-space-l-tangent-normalized-cartesian-grid-v2,23,23,105,4,5,1,2026-09-18T16:33:34.3821706Z,99.095299403854881,99.70624180385488,99.706248303854807,100.69924750385479,0.610942399999999,0.99299919999998565,0.99299919999998565,BothEyes,70,3,1,8,0.200713113,0.600000024,1,0.79999995231628418,Concave,1,1,1,2.0466969,1.59257638,1,0,0,valid
pilot_td,checkerboard_pilot,2026-09-18T16:32:40.4209680Z,20260901,visual-space-l-tangent-normalized-cartesian-grid-v2,24,24,105,3,14,1,2026-09-18T16:33:36.8044238Z,101.51781540385485,102.12042250385485,102.12042980385485,103.16262880385483,0.60260710000000017,1.0421989999999823,1.0421989999999823,BothEyes,70,3,1,8,0.200713113,0.800000012,1,0.39999997615814209,Convex,1,1,1,2.1735785,1.63406444,1,0,0,valid
pilot_td,checkerboard_pilot,2026-09-18T16:32:40.4209680Z,20260901,visual-space-l-tangent-normalized-cartesian-grid-v2,25,25,105,2,3,1,2026-09-18T16:33:39.2744769Z,103.98740510385488,104.60983530385482,104.60984160385482,106.09582960385484,0.62243019999993976,1.4859880000000203,1.4859880000000203,BothEyes,70,3,1,8,0.200713113,1,1,0,Convex,1,1,1,1.72306025,2.10067868,1,0,0,valid
pilot_td,checkerboard_pilot,2026-09-18T16:32:40.4209680Z,20260901,visual-space-l-tangent-normalized-cartesian-grid-v2,26,26,105,1,11,1,2026-09-18T16:33:42.2080425Z,106.92082800385487,107.5316131038548,107.53162190385484,108.31014730385488,0.61078509999993003,0.77852540000003501,0.77852540000003501,BothEyes,70,3,1,8,0.200713113,1.20000005,1,-0.40000009536743164,Convex,1,1,1,2.15549469,1.36725092,1,0,0,valid
pilot_td,checkerboard_pilot,2026-09-18T16:32:40.4209680Z,20260901,visual-space-l-tangent-normalized-cartesian-grid-v2,27,27,105,7,6,1,2026-09-18T16:33:44.4161861Z,109.12890410385484,109.73498680385484,109.73499340385484,110.84324230385488,0.60608270000000175,1.1082489000000351,1.1082489000000351,BothEyes,70,3,1,8,0.200713113,0.200000003,1,1.5999999940395355,Concave,1,1,1,2.04927707,1.70354295,1,0,0,valid
pilot_td,checkerboard_pilot,2026-09-18T16:32:40.4209680Z,20260901,visual-space-l-tangent-normalized-cartesian-grid-v2,28,28,105,2,10,1,2026-09-18T16:33:46.9597998Z,111.67253070385487,112.27291290385489,112.27291870385483,112.95167680385481,0.60038220000001274,0.67875809999998182,0.67875809999998182,BothEyes,70,3,1,8,0.200713113,1,1,0,Convex,1,1,1,2.34768724,1.26817894,1,0,0,valid
pilot_td,checkerboard_pilot,2026-09-18T16:32:40.4209680Z,20260901,visual-space-l-tangent-normalized-cartesian-grid-v2,29,29,105,2,4,1,2026-09-18T16:33:49.0739294Z,113.78738690385484,114.39829630385481,114.39830320385482,115.42927150385486,0.61090939999996863,1.0309683000000405,1.0309683000000405,BothEyes,70,3,1,8,0.200713113,1,1,0,Convex,1,1,1,2.05528498,1.61948764,1,0,0,valid
pilot_td,checkerboard_pilot,2026-09-18T16:32:40.4209680Z,20260901,visual-space-l-tangent-normalized-cartesian-grid-v2,30,30,105,2,5,1,2026-09-18T16:33:51.5519478Z,116.26493440385485,116.87361780385487,116.8736243038548,117.89569310385485,0.60868340000001808,1.0220688000000564,1.0220688000000564,BothEyes,70,3,1,8,0.200713113,1,1,0,Convex,1,1,1,2.09620523,1.61971545,1,0,0,valid
pilot_td,checkerboard_pilot,2026-09-18T16:32:40.4209680Z,20260901,visual-space-l-tangent-normalized-cartesian-grid-v2,31,31,105,5,10,1,2026-09-18T16:33:54.0163031Z,118.72918200385487,119.33988460385484,119.33989050385486,120.35490050385482,0.61070259999996779,1.0150099999999611,1.0150099999999611,BothEyes,70,3,1,8,0.200713113,0.5,1,1,Concave,1,1,1,2.15975785,1.61447036,1,0,0,valid
pilot_td,checkerboard_pilot,2026-09-18T16:32:40.4209680Z,20260901,visual-space-l-tangent-normalized-cartesian-grid-v2,32,32,105,1,6,1,2026-09-18T16:33:56.4712358Z,121.18434350385479,121.79578610385482,121.79580250385487,122.82156210385489,0.61144260000003214,1.0257596000000149,1.0257596000000149,BothEyes,70,3,1,8,0.200713113,1.20000005,1,-0.40000009536743164,Convex,1,1,1,2.11830974,1.62632906,1,0,0,valid
pilot_td,checkerboard_pilot,2026-09-18T16:32:40.4209680Z,20260901,visual-space-l-tangent-normalized-cartesian-grid-v2,33,33,105,6,4,1,2026-09-18T16:33:58.9372804Z,123.65039210385481,124.25114740385487,124.25115320385481,125.21845260385481,0.60075530000005983,0.9672994000000017,0.9672994000000017,BothEyes,70,3,1,8,0.200713113,0.400000006,1,1.199999988079071,Concave,1,1,1,2.09611177,1.55694389,1,0,0,valid
pilot_td,checkerboard_pilot,2026-09-18T16:32:40.4209680Z,20260901,visual-space-l-tangent-normalized-cartesian-grid-v2,34,34,105,3,1,1,2026-09-18T16:34:01.3385944Z,126.05147590385485,126.66238150385487,126.66238810385488,127.69609130385487,0.6109056000000237,1.0337031999999908,1.0337031999999908,BothEyes,70,3,1,8,0.200713113,0.800000012,1,0.39999997615814209,Concave,1,1,1,2.30222797,1.63408375,1,0,0,valid
pilot_td,checkerboard_pilot,2026-09-18T16:32:40.4209680Z,20260901,visual-space-l-tangent-normalized-cartesian-grid-v2,35,35,105,2,12,1,2026-09-18T16:34:03.8145140Z,128.52814850385488,129.12856250385488,129.1285717038549,130.0411518038548,0.60041400000000067,0.91258009999990009,0.91258009999990009,BothEyes,70,3,1,8,0.200713113,1,1,0,Convex,1,1,1,2.37306142,1.50219667,1,0,0,valid
pilot_td,checkerboard_pilot,2026-09-18T16:32:40.4209680Z,20260901,visual-space-l-tangent-normalized-cartesian-grid-v2,36,36,105,2,8,1,2026-09-18T16:34:06.1495778Z,130.86238360385488,131.47290040385479,131.47290690385483,132.39633280385482,0.61051679999991393,0.92342589999998381,0.92342589999998381,BothEyes,70,3,1,8,0.200713113,1,1,0,Convex,1,1,1,2.17897463,1.52309024,1,0,0,valid
pilot_td,checkerboard_pilot,2026-09-18T16:32:40.4209680Z,20260901,visual-space-l-tangent-normalized-cartesian-grid-v2,37,37,105,4,4,1,2026-09-18T16:34:08.5159622Z,133.22872400385489,133.8404158038548,133.84042260385485,134.69599940385484,0.6116917999999032,0.85557679999999436,0.85557679999999436,BothEyes,70,3,1,8,0.200713113,0.600000024,1,0.79999995231628418,Concave,1,1,1,2.47678065,1.45285428,1,0,0,valid
pilot_td,checkerboard_pilot,2026-09-18T16:32:40.4209680Z,20260901,visual-space-l-tangent-normalized-cartesian-grid-v2,38,38,105,1,3,1,2026-09-18T16:34:10.8040636Z,135.51771010385488,136.12926820385479,136.12927350385479,136.99872300385488,0.61155809999991106,0.86944950000008703,0.86944950000008703,BothEyes,70,3,1,8,0.200713113,1.20000005,1,-0.40000009536743164,Convex,1,1,1,2.10459137,1.469841,1,0,0,valid
pilot_td,checkerboard_pilot,2026-09-18T16:32:40.4209680Z,20260901,visual-space-l-tangent-normalized-cartesian-grid-v2,39,39,105,7,4,1,2026-09-18T16:34:13.1042237Z,137.81764160385484,138.42058260385483,138.42059170385488,139.2072274038548,0.60294099999998707,0.78663569999991978,0.78663569999991978,BothEyes,70,3,1,8,0.200713113,0.200000003,1,1.5999999940395355,Concave,1,1,1,2.341259,1.37874866,1,0,0,valid
pilot_td,checkerboard_pilot,2026-09-18T16:32:40.4209680Z,20260901,visual-space-l-tangent-normalized-cartesian-grid-v2,40,40,105,2,9,1,2026-09-18T16:34:15.3161866Z,140.02913590385486,140.64017440385481,140.64018120385487,141.54398740385483,0.61103849999994964,0.9038061999999627,0.9038061999999627,BothEyes,70,3,1,8,0.200713113,1,1,0,Convex,1,1,1,2.28121853,1.50345933,1,0,0,valid
pilot_td,checkerboard_pilot,2026-09-18T16:32:40.4209680Z,20260901,visual-space-l-tangent-normalized-cartesian-grid-v2,41,41,105,3,7,1,2026-09-18T16:34:17.6607263Z,142.37348270385479,142.98478890385485,142.98479550385485,144.0107042038548,0.6113062000000582,1.0259086999999454,1.0259086999999454,BothEyes,70,3,1,8,0.200713113,0.800000012,1,0.39999997615814209,Convex,1,1,1,2.35384846,1.62552893,1,0,0,valid
pilot_td,checkerboard_pilot,2026-09-18T16:32:40.4209680Z,20260901,visual-space-l-tangent-normalized-cartesian-grid-v2,42,42,105,6,6,1,2026-09-18T16:34:20.1188490Z,144.8317357038548,145.4323228038549,145.43232950385487,146.34067240385485,0.60058710000009796,0.90834289999997964,0.90834289999997964,BothEyes,70,3,1,8,0.200713113,0.400000006,1,1.199999988079071,Concave,1,1,1,2.24628925,1.50072145,1,0,0,valid
pilot_td,checkerboard_pilot,2026-09-18T16:32:40.4209680Z,20260901,visual-space-l-tangent-normalized-cartesian-grid-v2,43,43,105,6,9,1,2026-09-18T16:34:22.4522372Z,147.1651056038549,147.76530000385486,147.76530530385486,148.97454000385488,0.60019439999996393,1.2092347000000245,1.2092347000000245,BothEyes,70,3,1,8,0.200713113,0.400000006,1,1.199999988079071,Concave,1,1,1,1.95764744,1.80130744,1,0,0,valid
pilot_td,checkerboard_pilot,2026-09-18T16:32:40.4209680Z,20260901,visual-space-l-tangent-normalized-cartesian-grid-v2,44,44,105,6,2,1,2026-09-18T16:34:25.0937496Z,149.80732430385484,150.40992910385484,150.40993500385486,152.34080050385484,0.60260479999999461,1.9308654999999817,1.9308654999999817,BothEyes,70,3,1,8,0.200713113,0.400000006,1,1.199999988079071,Concave,1,1,1,1.66589165,2.52274919,1,0,0,valid
pilot_td,checkerboard_pilot,2026-09-18T16:32:40.4209680Z,20260901,visual-space-l-tangent-normalized-cartesian-grid-v2,45,45,105,4,13,1,2026-09-18T16:34:28.4494023Z,153.16257630385479,153.77301140385481,153.77301720385486,154.61089570385485,0.61043510000001788,0.83787849999998798,0.83787849999998798,BothEyes,70,3,1,8,0.200713113,0.600000024,1,0.79999995231628418,Concave,1,1,1,2.25680733,1.4374671,1,0,0,valid
pilot_td,checkerboard_pilot,2026-09-18T16:32:40.4209680Z,20260901,visual-space-l-tangent-normalized-cartesian-grid-v2,46,46,105,5,11,1,2026-09-18T16:34:30.7272237Z,155.44021470385479,156.04034720385488,156.04035520385486,156.99622040385481,0.60013250000008611,0.95586519999994835,0.95586519999994835,BothEyes,70,3,1,8,0.200713113,0.5,1,1,Convex,1,1,1,2.25689411,1.54534769,1,0,0,valid
pilot_td,checkerboard_pilot,2026-09-18T16:32:40.4209680Z,20260901,visual-space-l-tangent-normalized-cartesian-grid-v2,47,47,105,3,12,1,2026-09-18T16:34:33.1165831Z,157.82930050385488,158.44054630385489,158.44055180385482,159.17407270385485,0.61124580000000606,0.73352090000003045,0.73352090000003045,BothEyes,70,3,1,8,0.200713113,0.800000012,1,0.39999997615814209,Concave,1,1,1,2.42858005,1.33330774,1,0,0,valid
pilot_td,checkerboard_pilot,2026-09-18T16:32:40.4209680Z,20260901,visual-space-l-tangent-normalized-cartesian-grid-v2,48,48,105,7,3,1,2026-09-18T16:34:35.2919295Z,160.00504160385486,160.60748970385481,160.6074954038549,161.51909110385481,0.60244809999994686,0.91159569999990708,0.91159569999990708,BothEyes,70,3,1,8,0.200713113,0.200000003,1,1.5999999940395355,Concave,1,1,1,2.13634181,1.50277913,1,0,0,valid
pilot_td,checkerboard_pilot,2026-09-18T16:32:40.4209680Z,20260901,visual-space-l-tangent-normalized-cartesian-grid-v2,49,49,105,7,12,1,2026-09-18T16:34:37.6389971Z,162.35172220385488,162.96241540385489,162.96242410385486,163.73036590385487,0.61069320000001426,0.76794180000001688,0.76794180000001688,BothEyes,70,3,1,8,0.200713113,0.200000003,1,1.5999999940395355,Concave,1,1,1,2.32708788,1.36769688,1,0,0,valid
pilot_td,checkerboard_pilot,2026-09-18T16:32:40.4209680Z,20260901,visual-space-l-tangent-normalized-cartesian-grid-v2,50,50,105,7,8,1,2026-09-18T16:34:39.8522450Z,164.56534550385487,165.17630760385481,165.17631440385486,165.70719680385486,0.61096209999993789,0.53088239999999587,0.53088239999999587,BothEyes,70,3,1,8,0.200713113,0.200000003,1,1.5999999940395355,Concave,1,1,1,2.43324995,1.11954045,1,0,0,valid
pilot_td,checkerboard_pilot,2026-09-18T16:32:40.4209680Z,20260901,visual-space-l-tangent-normalized-cartesian-grid-v2,51,51,105,5,12,1,2026-09-18T16:34:41.8272915Z,166.54094990385482,167.15143820385487,167.15144360385483,167.78513550385486,0.61048830000004273,0.63369190000003073,0.63369190000003073,BothEyes,70,3,1,8,0.200713113,0.5,1,1,Concave,1,1,1,2.63759828,1.23321283,1,0,0,valid
pilot_td,checkerboard_pilot,2026-09-18T16:32:40.4209680Z,20260901,visual-space-l-tangent-normalized-cartesian-grid-v2,52,52,105,1,15,1,2026-09-18T16:34:43.8974408Z,168.61039740385485,169.22057500385489,169.22058100385487,169.89610890385489,0.61017760000004273,0.67552790000002005,0.67552790000002005,BothEyes,70,3,1,8,0.200713113,1.20000005,1,-0.40000009536743164,Convex,1,1,1,2.1200645,1.26422071,1,0,0,valid
pilot_td,checkerboard_pilot,2026-09-18T16:32:40.4209680Z,20260901,visual-space-l-tangent-normalized-cartesian-grid-v2,53,53,105,7,10,1,2026-09-18T16:34:46.0165192Z,170.72941330385487,171.34026270385488,171.34026880385483,172.08552700385479,0.61084940000000643,0.74525819999996656,0.74525819999996656,BothEyes,70,3,1,8,0.200713113,0.200000003,1,1.5999999940395355,Concave,1,1,1,1.83162796,1.3455826,1,0,0,valid
pilot_td,checkerboard_pilot,2026-09-18T16:32:40.4209680Z,20260901,visual-space-l-tangent-normalized-cartesian-grid-v2,54,54,105,1,1,1,2026-09-18T16:34:48.2042685Z,172.91778210385479,173.5184102038549,173.51841670385483,174.3412050038549,0.60062810000010813,0.82278830000007019,0.82278830000007019,BothEyes,70,3,1,8,0.200713113,1.20000005,1,-0.40000009536743164,Convex,1,1,1,2.23782134,1.41225624,1,0,0,valid
pilot_td,checkerboard_pilot,2026-09-18T16:32:40.4209680Z,20260901,visual-space-l-tangent-normalized-cartesian-grid-v2,55,55,105,5,15,1,2026-09-18T16:34:50.4641802Z,175.17692500385482,175.79864750385485,175.7986536038548,177.04439590385488,0.6217225000000326,1.2457423000000745,1.2457423000000745,BothEyes,70,3,1,8,0.200713113,0.5,1,1,Concave,1,1,1,1.44306469,1.85996139,1,0,0,valid
pilot_td,checkerboard_pilot,2026-09-18T16:32:40.4209680Z,20260901,visual-space-l-tangent-normalized-cartesian-grid-v2,56,56,105,3,13,1,2026-09-18T16:34:53.1609237Z,177.87367970385486,178.4742693038549,178.47427530385488,179.9994671038549,0.60058960000003481,1.525191800000016,1.525191800000016,BothEyes,70,3,1,8,0.200713113,0.800000012,1,0.39999997615814209,Convex,1,1,1,1.5311017,2.11414671,1,0,0,valid
pilot_td,checkerboard_pilot,2026-09-18T16:32:40.4209680Z,20260901,visual-space-l-tangent-normalized-cartesian-grid-v2,57,57,105,3,11,1,2026-09-18T16:34:56.1166710Z,180.82943940385479,181.44038920385486,181.44039560385482,182.56317850385489,0.61094980000007126,1.1227829000000611,1.1227829000000611,BothEyes,70,3,1,8,0.200713113,0.800000012,1,0.39999997615814209,Concave,1,1,1,1.68237376,1.72269666,1,0,0,valid
pilot_td,checkerboard_pilot,2026-09-18T16:32:40.4209680Z,20260901,visual-space-l-tangent-normalized-cartesian-grid-v2,58,58,105,3,5,1,2026-09-18T16:34:58.6863260Z,183.3992936038548,184.00976280385481,184.00976930385485,184.84114000385483,0.61046920000001137,0.83137069999997948,0.83137069999997948,BothEyes,70,3,1,8,0.200713113,0.800000012,1,0.39999997615814209,Concave,1,1,1,2.32330012,1.41995859,1,0,0,valid
pilot_td,checkerboard_pilot,2026-09-18T16:32:40.4209680Z,20260901,visual-space-l-tangent-normalized-cartesian-grid-v2,59,59,105,1,7,1,2026-09-18T16:35:00.9506113Z,185.66343610385485,186.2669847038548,186.26699160385482,186.96303220385488,0.60354859999995369,0.69604060000006029,0.69604060000006029,BothEyes,70,3,1,8,0.200713113,1.20000005,1,-0.40000009536743164,Convex,1,1,1,2.33053374,1.2889446,1,0,0,valid
pilot_td,checkerboard_pilot,2026-09-18T16:32:40.4209680Z,20260901,visual-space-l-tangent-normalized-cartesian-grid-v2,60,60,105,6,5,1,2026-09-18T16:35:03.0852194Z,187.79892400385489,188.3996106038548,188.39961610385484,189.06371750385489,0.60068659999990359,0.66410140000004958,0.66410140000004958,BothEyes,70,3,1,8,0.200713113,0.400000006,1,1.199999988079071,Concave,1,1,1,2.2435863,1.25672293,1,0,0,valid
pilot_td,checkerboard_pilot,2026-09-18T16:32:40.4209680Z,20260901,visual-space-l-tangent-normalized-cartesian-grid-v2,61,61,105,4,8,1,2026-09-18T16:35:05.1832277Z,189.89606830385486,190.50704340385488,190.50704870385488,191.27381560385487,0.61097510000001876,0.76676689999999326,0.76676689999999326,BothEyes,70,3,1,8,0.200713113,0.600000024,1,0.79999995231628418,Concave,1,1,1,2.10505629,1.36675525,1,0,0,valid
pilot_td,checkerboard_pilot,2026-09-18T16:32:40.4209680Z,20260901,visual-space-l-tangent-normalized-cartesian-grid-v2,62,62,105,7,5,1,2026-09-18T16:35:07.3918959Z,192.10473960385485,192.70717990385486,192.7071857038548,193.6515519038548,0.60244030000001203,0.94436619999999039,0.94436619999999039,BothEyes,70,3,1,8,0.200713113,0.200000003,1,1.5999999940395355,Concave,1,1,1,2.16392231,1.53539777,1,0,0,valid
pilot_td,checkerboard_pilot,2026-09-18T16:32:40.4209680Z,20260901,visual-space-l-tangent-normalized-cartesian-grid-v2,63,63,105,4,2,1,2026-09-18T16:35:09.7641766Z,194.47700690385483,195.08695090385487,195.08695900385482,195.85214020385484,0.60994400000004134,0.76518120000002909,0.76518120000002909,BothEyes,70,3,1,8,0.200713113,0.600000024,1,0.79999995231628418,Concave,1,1,1,2.47464609,1.3532902,1,0,0,valid
pilot_td,checkerboard_pilot,2026-09-18T16:32:40.4209680Z,20260901,visual-space-l-tangent-normalized-cartesian-grid-v2,64,64,105,5,4,1,2026-09-18T16:35:11.9747368Z,196.6879849038549,197.31026780385486,197.31027420385482,198.21077400385485,0.62228289999995923,0.90049980000003416,0.90049980000003416,BothEyes,70,3,1,8,0.200713113,0.5,1,1,Concave,1,1,1,2.19731069,1.51454902,1,0,0,valid
pilot_td,checkerboard_pilot,2026-09-18T16:32:40.4209680Z,20260901,visual-space-l-tangent-normalized-cartesian-grid-v2,65,65,105,1,4,1,2026-09-18T16:35:14.3192686Z,199.0323258038548,199.6325678038549,199.63257360385484,200.41081290385483,0.60024200000009387,0.77823929999999564,0.77823929999999564,BothEyes,70,3,1,8,0.200713113,1.20000005,1,-0.40000009536743164,Convex,1,1,1,2.23502111,1.37004578,1,0,0,valid
pilot_td,checkerboard_pilot,2026-09-18T16:32:40.4209680Z,20260901,visual-space-l-tangent-normalized-cartesian-grid-v2,66,66,105,5,1,1,2026-09-18T16:35:16.5171127Z,201.22990990385489,201.83303770385481,201.83304380385488,202.5891389038548,0.60312779999992472,0.75609509999992497,0.75609509999992497,BothEyes,70,3,1,8,0.200713113,0.5,1,1,Concave,1,1,1,2.12587237,1.34825408,1,0,0,valid
pilot_td,checkerboard_pilot,2026-09-18T16:32:40.4209680Z,20260901,visual-space-l-tangent-normalized-cartesian-grid-v2,67,67,105,5,9,1,2026-09-18T16:35:18.7049181Z,203.41808460385488,204.0187424038549,204.01875800385488,204.91063890385482,0.60065780000002178,0.89188089999993281,0.89188089999993281,BothEyes,70,3,1,8,0.200713113,0.5,1,1,Concave,1,1,1,2.40216279,1.48139179,1,0,0,valid
pilot_td,checkerboard_pilot,2026-09-18T16:32:40.4209680Z,20260901,visual-space-l-tangent-normalized-cartesian-grid-v2,68,68,105,7,15,1,2026-09-18T16:35:21.0272049Z,205.74013840385481,206.3431062038548,206.34311370385484,206.91953220385489,0.60296779999998762,0.57641850000004524,0.57641850000004524,BothEyes,70,3,1,8,0.200713113,0.200000003,1,1.5999999940395355,None,0,1,0,3.91181421,0,0.902542353,0.15583919,0.130212605,invalid_fixation:off_target
pilot_td,checkerboard_pilot,2026-09-18T16:32:40.4209680Z,20260901,visual-space-l-tangent-normalized-cartesian-grid-v2,69,69,105,2,7,1,2026-09-18T16:35:23.0304721Z,207.74332350385481,208.3440092038548,208.34401490385488,209.07447370385484,0.60068569999998545,0.73045879999995122,0.73045879999995122,BothEyes,70,3,1,8,0.200713113,1,1,0,Convex,1,1,1,2.41848493,1.32298505,1,0,0,valid
pilot_td,checkerboard_pilot,2026-09-18T16:32:40.4209680Z,20260901,visual-space-l-tangent-normalized-cartesian-grid-v2,70,70,105,6,1,1,2026-09-18T16:35:25.1859859Z,209.89960450385485,210.51099330385483,210.5110010038548,211.33358770385479,0.61138879999998608,0.82258669999998801,0.82258669999998801,BothEyes,70,3,1,8,0.200713113,0.400000006,1,1.199999988079071,Concave,1,1,1,2.06089568,1.41176057,1,0,0,valid
pilot_td,checkerboard_pilot,2026-09-18T16:32:40.4209680Z,20260901,visual-space-l-tangent-normalized-cartesian-grid-v2,71,71,105,1,12,1,2026-09-18T16:35:27.4495609Z,212.16315380385487,212.77382220385488,212.77382780385489,213.71947250385489,0.61066840000000866,0.94564470000000256,0.94564470000000256,BothEyes,70,3,1,8,0.200713113,1.20000005,1,-0.40000009536743164,Convex,1,1,1,2.25854111,1.54550314,1,0,0,valid
pilot_td,checkerboard_pilot,2026-09-18T16:32:40.4209680Z,20260901,visual-space-l-tangent-normalized-cartesian-grid-v2,72,72,105,7,9,1,2026-09-18T16:35:29.8384519Z,214.55173110385482,215.15205970385483,215.15206570385482,216.0217968038549,0.60032860000001165,0.86973110000008091,0.86973110000008091,BothEyes,70,3,1,8,0.200713113,0.200000003,1,1.5999999940395355,Concave,1,1,1,2.08215308,1.45901299,1,0,0,valid
pilot_td,checkerboard_pilot,2026-09-18T16:32:40.4209680Z,20260901,visual-space-l-tangent-normalized-cartesian-grid-v2,73,73,105,1,13,1,2026-09-18T16:35:32.1277344Z,216.84083960385482,217.44130850385483,217.44131550385481,218.1079298038548,0.60046890000000985,0.666614299999992,0.666614299999992,BothEyes,70,3,1,8,0.200713113,1.20000005,1,-0.40000009536743164,Convex,1,1,1,2.52235508,1.25628865,1,0,0,valid
pilot_td,checkerboard_pilot,2026-09-18T16:32:40.4209680Z,20260901,visual-space-l-tangent-normalized-cartesian-grid-v2,74,74,105,5,14,1,2026-09-18T16:35:34.2275852Z,218.94048150385487,219.5408378038548,219.54084400385483,220.35540660385487,0.60035629999993034,0.81456260000004477,0.81456260000004477,BothEyes,70,3,1,8,0.200713113,0.5,1,1,Concave,1,1,1,2.48080778,1.40096676,1,0,0,valid
pilot_td,checkerboard_pilot,2026-09-18T16:32:40.4209680Z,20260901,visual-space-l-tangent-normalized-cartesian-grid-v2,75,75,105,6,8,1,2026-09-18T16:35:36.4720389Z,221.18478710385483,221.78489370385483,221.78489940385481,222.73059250385489,0.60010660000000371,0.945693100000085,0.945693100000085,BothEyes,70,3,1,8,0.200713113,0.400000006,1,1.199999988079071,Concave,1,1,1,2.28952575,1.5349375,1,0,0,valid
pilot_td,checkerboard_pilot,2026-09-18T16:32:40.4209680Z,20260901,visual-space-l-tangent-normalized-cartesian-grid-v2,76,76,105,1,2,1,2026-09-18T16:35:38.8502957Z,223.56334100385487,224.1634862038548,224.16349260385488,224.95290940385479,0.60014519999992899,0.78941679999991266,0.78941679999991266,BothEyes,70,3,1,8,0.200713113,1.20000005,1,-0.40000009536743164,Convex,1,1,1,2.31646633,1.37900329,1,0,0,valid
pilot_td,checkerboard_pilot,2026-09-18T16:32:40.4209680Z,20260901,visual-space-l-tangent-normalized-cartesian-grid-v2,77,77,105,6,10,1,2026-09-18T16:35:41.0724051Z,225.78521000385484,226.39588910385481,226.39589540385481,227.05534300385483,0.61067909999997028,0.65944760000002134,0.65944760000002134,BothEyes,70,3,1,8,0.200713113,0.400000006,1,1.199999988079071,Concave,1,1,1,2.38351297,1.25597095,1,0,0,valid
pilot_td,checkerboard_pilot,2026-09-18T16:32:40.4209680Z,20260901,visual-space-l-tangent-normalized-cartesian-grid-v2,78,78,105,2,2,1,2026-09-18T16:35:43.1617547Z,227.87464990385484,228.4766639038549,228.47667020385489,229.49707360385486,0.60201400000005378,1.0204033999999638,1.0204033999999638,BothEyes,70,3,1,8,0.200713113,1,1,0,Convex,1,1,1,2.42567682,1.61167073,1,0,0,valid
pilot_td,checkerboard_pilot,2026-09-18T16:32:40.4209680Z,20260901,visual-space-l-tangent-normalized-cartesian-grid-v2,79,79,105,7,1,1,2026-09-18T16:35:45.6086641Z,230.3215501038548,230.92955140385487,230.9295579038548,231.17418920385484,0.60800130000006902,0.2446313000000373,0.2446313000000373,BothEyes,70,3,1,8,0.200713113,0.200000003,1,1.5999999940395355,None,0,1,0,3.23367715,0,1,0.155377895,0,invalid_fixation:off_target
pilot_td,checkerboard_pilot,2026-09-18T16:32:40.4209680Z,20260901,visual-space-l-tangent-normalized-cartesian-grid-v2,80,80,105,5,7,1,2026-09-18T16:35:47.2944350Z,232.00758480385485,232.60809240385487,232.60810060385489,234.8555627038549,0.60050760000001446,2.247462100000007,2.247462100000007,BothEyes,70,3,1,8,0.200713113,0.5,1,1,Concave,1,1,1,2.04937267,2.83414817,1,0,0,valid
pilot_td,checkerboard_pilot,2026-09-18T16:32:40.4209680Z,20260901,visual-space-l-tangent-normalized-cartesian-grid-v2,81,81,105,5,2,1,2026-09-18T16:35:50.9621207Z,235.67503010385479,236.28487720385482,236.28488310385484,237.01071860385485,0.60984710000002451,0.72583550000001651,0.72583550000001651,BothEyes,70,3,1,8,0.200713113,0.5,1,1,None,0,1,0,3.01324391,0,0.969924808,0.1554441,0.0446367003,invalid_fixation:off_target
pilot_td,checkerboard_pilot,2026-09-18T16:32:40.4209680Z,20260901,visual-space-l-tangent-normalized-cartesian-grid-v2,82,82,105,7,13,1,2026-09-18T16:35:53.1269721Z,237.8406140038548,238.44150290385488,238.4415088038549,239.34429330385484,0.60088890000008632,0.90278449999993882,0.90278449999993882,BothEyes,70,3,1,8,0.200713113,0.200000003,1,1.5999999940395355,Concave,1,1,1,2.0261302,1.49244034,1,0,0,valid
pilot_td,checkerboard_pilot,2026-09-18T16:32:40.4209680Z,20260901,visual-space-l-tangent-normalized-cartesian-grid-v2,83,83,105,5,5,1,2026-09-18T16:35:55.4504767Z,240.16360220385485,240.77718900385486,240.7771955038549,241.61921230385479,0.61358680000000732,0.84201679999989665,0.84201679999989665,BothEyes,70,3,1,8,0.200713113,0.5,1,1,Concave,1,1,1,2.31553674,1.44490886,1,0,0,valid
pilot_td,checkerboard_pilot,2026-09-18T16:32:40.4209680Z,20260901,visual-space-l-tangent-normalized-cartesian-grid-v2,84,84,105,6,14,1,2026-09-18T16:35:57.7393770Z,242.45239520385479,243.06310990385481,243.06311600385487,243.87570000385489,0.61071470000001682,0.81258400000001529,0.81258400000001529,BothEyes,70,3,1,8,0.200713113,0.400000006,1,1.199999988079071,Concave,1,1,1,2.06127524,1.40975428,1,0,0,valid
pilot_td,checkerboard_pilot,2026-09-18T16:32:40.4209680Z,20260901,visual-space-l-tangent-normalized-cartesian-grid-v2,85,85,105,4,10,1,2026-09-18T16:35:59.9949922Z,244.70778800385489,245.31053000385481,245.3105357038549,246.24405300385484,0.60274199999992106,0.93351729999994859,0.93351729999994859,BothEyes,70,3,1,8,0.200713113,0.600000024,1,0.79999995231628418,Concave,1,1,1,2.13340807,1.52501988,1,0,0,valid
pilot_td,checkerboard_pilot,2026-09-18T16:32:40.4209680Z,20260901,visual-space-l-tangent-normalized-cartesian-grid-v2,86,86,105,6,13,1,2026-09-18T16:36:02.3499534Z,247.0627764038548,247.66314040385481,247.66314600385482,248.45287610385486,0.60036400000001322,0.78973010000004251,0.78973010000004251,BothEyes,70,3,1,8,0.200713113,0.400000006,1,1.199999988079071,Concave,1,1,1,2.18112922,1.37906563,1,0,0,valid
pilot_td,checkerboard_pilot,2026-09-18T16:32:40.4209680Z,20260901,visual-space-l-tangent-normalized-cartesian-grid-v2,87,87,105,7,11,1,2026-09-18T16:36:04.5719508Z,249.2849292038548,249.88557490385489,249.88558180385479,250.76383000385482,0.60064570000008644,0.87824820000003001,0.87824820000003001,BothEyes,70,3,1,8,0.200713113,0.200000003,1,1.5999999940395355,Concave,1,1,1,2.28096104,1.46750402,1,0,0,valid
pilot_td,checkerboard_pilot,2026-09-18T16:32:40.4209680Z,20260901,visual-space-l-tangent-normalized-cartesian-grid-v2,88,88,105,6,12,1,2026-09-18T16:36:06.8835772Z,251.59664000385482,252.1967460038548,252.19675210385486,252.5189694038549,0.60010599999998249,0.3222173000000339,0.3222173000000339,BothEyes,70,3,1,8,0.200713113,0.400000006,1,1.199999988079071,None,0,1,0,3.03615499,0,1,0.157892212,0,invalid_fixation:off_target
pilot_td,checkerboard_pilot,2026-09-18T16:32:40.4209680Z,20260901,visual-space-l-tangent-normalized-cartesian-grid-v2,89,89,105,3,3,1,2026-09-18T16:36:08.6278398Z,253.34102640385487,253.94112870385487,253.94113600385487,254.73055000385483,0.6001023000000032,0.7894139999999652,0.7894139999999652,BothEyes,70,3,1,8,0.200713113,0.800000012,1,0.39999997615814209,Concave,1,1,1,2.65866423,1.37868488,1,0,0,valid
pilot_td,checkerboard_pilot,2026-09-18T16:32:40.4209680Z,20260901,visual-space-l-tangent-normalized-cartesian-grid-v2,90,90,105,1,8,1,2026-09-18T16:36:10.8420772Z,255.5552018038548,256.16355160385484,256.16356090385483,256.55234770385488,0.6083498000000418,0.38878680000004806,0.38878680000004806,BothEyes,70,3,1,8,0.200713113,1.20000005,1,-0.40000009536743164,None,0,1,0,3.04240298,0,1,0.156014889,0,invalid_fixation:off_target
pilot_td,checkerboard_pilot,2026-09-18T16:32:40.4209680Z,20260901,visual-space-l-tangent-normalized-cartesian-grid-v2,91,91,105,4,15,1,2026-09-18T16:36:12.6611182Z,257.3742725038548,257.98575070385488,257.98576500385485,259.18676000385489,0.61147820000007869,1.2009950000000345,1.2009950000000345,BothEyes,70,3,1,8,0.200713113,0.600000024,1,0.79999995231628418,Concave,1,1,1,2.12430668,1.80131662,1,0,0,valid
pilot_td,checkerboard_pilot,2026-09-18T16:32:40.4209680Z,20260901,visual-space-l-tangent-normalized-cartesian-grid-v2,92,92,105,6,15,1,2026-09-18T16:36:15.2955161Z,260.00841550385479,260.61952990385481,260.61953640385485,261.38600720385483,0.61111440000001949,0.76647079999997914,0.76647079999997914,BothEyes,70,3,1,8,0.200713113,0.400000006,1,1.199999988079071,Concave,1,1,1,2.28293371,1.36703694,1,0,0,valid
pilot_td,checkerboard_pilot,2026-09-18T16:32:40.4209680Z,20260901,visual-space-l-tangent-normalized-cartesian-grid-v2,93,93,105,3,15,1,2026-09-18T16:36:17.4944998Z,262.20813830385481,262.80834230385489,262.80835530385485,263.5856944038548,0.60020400000007612,0.77733909999994921,0.77733909999994921,BothEyes,70,3,1,8,0.200713113,0.800000012,1,0.39999997615814209,Convex,1,1,1,2.24611473,1.3665961,1,0,0,valid
pilot_td,checkerboard_pilot,2026-09-18T16:32:40.4209680Z,20260901,visual-space-l-tangent-normalized-cartesian-grid-v2,94,94,105,4,7,1,2026-09-18T16:36:19.7041766Z,264.41706320385487,265.01855770385481,265.01856320385485,265.83360680385482,0.60149449999994431,0.81504359999996723,0.81504359999996723,BothEyes,70,3,1,8,0.200713113,0.600000024,1,0.79999995231628418,Concave,1,1,1,2.16762757,1.40539658,1,0,0,valid
pilot_td,checkerboard_pilot,2026-09-18T16:32:40.4209680Z,20260901,visual-space-l-tangent-normalized-cartesian-grid-v2,95,95,105,4,11,1,2026-09-18T16:36:21.9504568Z,266.6634475038548,267.26622390385484,267.26623040385488,268.17804130385485,0.60277640000003885,0.91181089999997766,0.91181089999997766,BothEyes,70,3,1,8,0.200713113,0.600000024,1,0.79999995231628418,Concave,1,1,1,2.55320644,1.50380313,1,0,0,valid
pilot_td,checkerboard_pilot,2026-09-18T16:32:40.4209680Z,20260901,visual-space-l-tangent-normalized-cartesian-grid-v2,96,96,105,5,13,1,2026-09-18T16:36:24.2952518Z,269.00800580385481,269.6084076038548,269.6084172038548,270.38915050385486,0.600401799999986,0.78073330000006536,0.78073330000006536,BothEyes,70,3,1,8,0.200713113,0.5,1,1,Concave,1,1,1,2.4476862,1.3704021,1,0,0,valid
pilot_td,checkerboard_pilot,2026-09-18T16:32:40.4209680Z,20260901,visual-space-l-tangent-normalized-cartesian-grid-v2,97,97,105,6,3,1,2026-09-18T16:36:26.4946210Z,271.20774070385488,271.80819490385483,271.80820380385484,272.59766860385486,0.60045419999994465,0.78946480000001884,0.78946480000001884,BothEyes,70,3,1,8,0.200713113,0.400000006,1,1.199999988079071,Concave,1,1,1,2.57192039,1.37891817,1,0,0,valid
pilot_td,checkerboard_pilot,2026-09-18T16:32:40.4209680Z,20260901,visual-space-l-tangent-normalized-cartesian-grid-v2,98,98,105,4,1,1,2026-09-18T16:36:28.7166026Z,273.4294676038549,274.04013450385486,274.04014060385481,274.82997270385482,0.6106668999999556,0.78983210000001236,0.78983210000001236,BothEyes,70,3,1,8,0.200713113,0.600000024,1,0.79999995231628418,Concave,1,1,1,2.50811434,1.38901734,1,0,0,valid
pilot_td,checkerboard_pilot,2026-09-18T16:32:40.4209680Z,20260901,visual-space-l-tangent-normalized-cartesian-grid-v2,99,99,105,2,15,1,2026-09-18T16:36:30.9423113Z,275.65552160385488,276.26621720385486,276.26622640385489,276.86407440385489,0.61069559999998546,0.59784799999999905,0.59784799999999905,BothEyes,70,3,1,8,0.200713113,1,1,0,Convex,1,1,1,2.86996722,1.18629515,1,0,0,valid
pilot_td,checkerboard_pilot,2026-09-18T16:32:40.4209680Z,20260901,visual-space-l-tangent-normalized-cartesian-grid-v2,100,100,105,4,6,1,2026-09-18T16:36:32.9866201Z,277.70007910385488,278.3214846038548,278.32149090385479,278.98691380385486,0.62140549999992345,0.66542290000006687,0.66542290000006687,BothEyes,70,3,1,8,0.200713113,0.600000024,1,0.79999995231628418,Concave,1,1,1,2.74730325,0.042865403,1,0.102981597,0,valid
pilot_td,checkerboard_pilot,2026-09-18T16:32:40.4209680Z,20260901,visual-space-l-tangent-normalized-cartesian-grid-v2,101,101,105,1,9,1,2026-09-18T16:36:35.1055985Z,279.81928050385483,280.43045090385482,280.4304586038549,280.97859790385479,0.61117039999999179,0.54813929999988886,0.54813929999988886,BothEyes,70,3,1,8,0.200713113,1.20000005,1,-0.40000009536743164,Convex,1,1,1,2.78733921,1.1483773,1,0,0,valid
pilot_td,checkerboard_pilot,2026-09-18T16:32:40.4209680Z,20260901,visual-space-l-tangent-normalized-cartesian-grid-v2,102,102,105,5,6,1,2026-09-18T16:36:37.0945127Z,281.80772270385484,282.40807370385488,282.4080806038549,283.09739250385479,0.60035100000004604,0.68931189999989328,0.68931189999989328,BothEyes,70,3,1,8,0.200713113,0.5,1,1,Concave,1,1,1,2.57298541,1.27853167,1,0,0,valid
pilot_td,checkerboard_pilot,2026-09-18T16:32:40.4209680Z,20260901,visual-space-l-tangent-normalized-cartesian-grid-v2,103,103,105,2,11,1,2026-09-18T16:36:39.2257050Z,283.93855160385482,284.37724510385482,284.37724510385482,284.37724510385482,0.4386934999999994,0,0,BothEyes,70,3,1,8,0.200713113,1,1,0,None,0,1,0,3.06822443,0,1,0.155790016,0,invalid_fixation:off_target
pilot_td,checkerboard_pilot,2026-09-18T16:32:40.4209680Z,20260901,visual-space-l-tangent-normalized-cartesian-grid-v2,104,104,105,3,10,1,2026-09-18T16:36:40.4943711Z,285.20764360385482,285.81098680385486,285.8109926038548,287.26533870385487,0.60334320000004027,1.4543461000000661,1.4543461000000661,BothEyes,70,3,1,8,0.200713113,0.800000012,1,0.39999997615814209,Concave,1,1,1,1.7649163,2.04689336,1,0,0,valid
pilot_td,checkerboard_pilot,2026-09-18T16:32:40.4209680Z,20260901,visual-space-l-tangent-normalized-cartesian-grid-v2,105,105,105,3,2,1,2026-09-18T16:36:43.3828606Z,288.09634700385487,288.69729310385486,288.6973006038549,289.26381680385481,0.60094609999998738,0.56651619999990999,0.56651619999990999,BothEyes,70,3,1,8,0.200713113,0.800000012,1,0.39999997615814209,Concave,1,1,1,2.30944276,1.15628672,1,0,0,valid
pilot_td,checkerboard_pilot,2026-09-18T16:32:40.4209680Z,20260901,visual-space-l-tangent-normalized-cartesian-grid-v2,106,68,105,7,15,2,2026-09-18T16:36:45.3844814Z,290.09733120385482,290.7082303038548,290.70823600385489,291.26769700385483,0.61089909999998326,0.55946099999994203,0.55946099999994203,BothEyes,70,3,1,8,0.200713113,0.200000003,1,1.5999999940395355,Concave,1,1,1,2.3965342,1.15978515,1,0,0,valid
pilot_td,checkerboard_pilot,2026-09-18T16:32:40.4209680Z,20260901,visual-space-l-tangent-normalized-cartesian-grid-v2,107,79,105,7,1,2,2026-09-18T16:36:47.3843117Z,292.09704900385481,292.70755520385484,292.70756090385481,293.15188860385484,0.61050620000003164,0.44432770000003075,0.44432770000003075,BothEyes,70,3,1,8,0.200713113,0.200000003,1,1.5999999940395355,Concave,1,1,1,2.40607047,1.04406631,1,0,0,valid
pilot_td,checkerboard_pilot,2026-09-18T16:32:40.4209680Z,20260901,visual-space-l-tangent-normalized-cartesian-grid-v2,108,81,105,5,2,2,2026-09-18T16:36:49.2613455Z,293.97446780385479,294.58577290385489,294.58577890385487,295.3117543038548,0.61130510000009508,0.72597539999992478,0.72597539999992478,BothEyes,70,3,1,8,0.200713113,0.5,1,1,Concave,1,1,1,2.38941813,1.32637262,1,0,0,valid
pilot_td,checkerboard_pilot,2026-09-18T16:32:40.4209680Z,20260901,visual-space-l-tangent-normalized-cartesian-grid-v2,109,88,105,6,12,2,2026-09-18T16:36:51.4283258Z,296.14146210385485,296.75217210385489,296.75217890385483,297.14519380385485,0.61071000000004005,0.39301490000002559,0.39301490000002559,BothEyes,70,3,1,8,0.200713113,0.400000006,1,1.199999988079071,Concave,1,1,1,2.35176873,0.99275887,1,0,0,valid
pilot_td,checkerboard_pilot,2026-09-18T16:32:40.4209680Z,20260901,visual-space-l-tangent-normalized-cartesian-grid-v2,110,90,105,1,8,2,2026-09-18T16:36:53.2615774Z,297.9749347038549,298.57778460385481,298.57779210385485,299.07549130385479,0.60284989999991012,0.49769919999994272,0.49769919999994272,BothEyes,70,3,1,8,0.200713113,1.20000005,1,-0.40000009536743164,Convex,1,1,1,2.55075216,1.0890696,1,0,0,valid
pilot_td,checkerboard_pilot,2026-09-18T16:32:40.4209680Z,20260901,visual-space-l-tangent-normalized-cartesian-grid-v2,111,103,105,2,11,2,2026-09-18T16:36:55.1845472Z,299.89744720385482,300.5083526038548,300.50835830385489,301.03150880385482,0.61090539999997873,0.5231504999999288,0.5231504999999288,BothEyes,70,3,1,8,0.200713113,1,1,0,Convex,1,1,1,2.36537814,1.1234293,1,0,0,valid
